--------------------------------------------------------
--  Data for Table LOCATIONS
--  49 total rows
--------------------------------------------------------

Insert into LOCATIONS (LOCATION_NAME) values ('Adelaide');
Insert into LOCATIONS (LOCATION_NAME) values ('Albany');
Insert into LOCATIONS (LOCATION_NAME) values ('Albury');
Insert into LOCATIONS (LOCATION_NAME) values ('AliceSprings');
Insert into LOCATIONS (LOCATION_NAME) values ('BadgerysCreek');
Insert into LOCATIONS (LOCATION_NAME) values ('Ballarat');
Insert into LOCATIONS (LOCATION_NAME) values ('Bendigo');
Insert into LOCATIONS (LOCATION_NAME) values ('Brisbane');
Insert into LOCATIONS (LOCATION_NAME) values ('Cairns');
Insert into LOCATIONS (LOCATION_NAME) values ('Canberra');
Insert into LOCATIONS (LOCATION_NAME) values ('Cobar');
Insert into LOCATIONS (LOCATION_NAME) values ('CoffsHarbour');
Insert into LOCATIONS (LOCATION_NAME) values ('Dartmoor');
Insert into LOCATIONS (LOCATION_NAME) values ('Darwin');
Insert into LOCATIONS (LOCATION_NAME) values ('GoldCoast');
Insert into LOCATIONS (LOCATION_NAME) values ('Hobart');
Insert into LOCATIONS (LOCATION_NAME) values ('Katherine');
Insert into LOCATIONS (LOCATION_NAME) values ('Launceston');
Insert into LOCATIONS (LOCATION_NAME) values ('Melbourne');
Insert into LOCATIONS (LOCATION_NAME) values ('MelbourneAirport');
Insert into LOCATIONS (LOCATION_NAME) values ('Mildura');
Insert into LOCATIONS (LOCATION_NAME) values ('Moree');
Insert into LOCATIONS (LOCATION_NAME) values ('MountGambier');
Insert into LOCATIONS (LOCATION_NAME) values ('MountGinini');
Insert into LOCATIONS (LOCATION_NAME) values ('Newcastle');
Insert into LOCATIONS (LOCATION_NAME) values ('Nhil');
Insert into LOCATIONS (LOCATION_NAME) values ('NorahHead');
Insert into LOCATIONS (LOCATION_NAME) values ('NorfolkIsland');
Insert into LOCATIONS (LOCATION_NAME) values ('Nuriootpa');
Insert into LOCATIONS (LOCATION_NAME) values ('PearceRAAF');
Insert into LOCATIONS (LOCATION_NAME) values ('Penrith');
Insert into LOCATIONS (LOCATION_NAME) values ('Perth');
Insert into LOCATIONS (LOCATION_NAME) values ('PerthAirport');
Insert into LOCATIONS (LOCATION_NAME) values ('Portland');
Insert into LOCATIONS (LOCATION_NAME) values ('Richmond');
Insert into LOCATIONS (LOCATION_NAME) values ('Sale');
Insert into LOCATIONS (LOCATION_NAME) values ('SalmonGums');
Insert into LOCATIONS (LOCATION_NAME) values ('Sydney');
Insert into LOCATIONS (LOCATION_NAME) values ('SydneyAirport');
Insert into LOCATIONS (LOCATION_NAME) values ('Townsville');
Insert into LOCATIONS (LOCATION_NAME) values ('Tuggeranong');
Insert into LOCATIONS (LOCATION_NAME) values ('Uluru');
Insert into LOCATIONS (LOCATION_NAME) values ('WaggaWagga');
Insert into LOCATIONS (LOCATION_NAME) values ('Walpole');
Insert into LOCATIONS (LOCATION_NAME) values ('Watsonia');
Insert into LOCATIONS (LOCATION_NAME) values ('Williamtown');
Insert into LOCATIONS (LOCATION_NAME) values ('Witchcliffe');
Insert into LOCATIONS (LOCATION_NAME) values ('Wollongong');
Insert into LOCATIONS (LOCATION_NAME) values ('Woomera');
Commit;
--------------------------------------------------------
--  Data for Table WIND_DIRECTION
--  17 total rows
--------------------------------------------------------

Insert into WIND_DIRECTION (WIND_DIRECTION) values ('E');
Insert into WIND_DIRECTION (WIND_DIRECTION) values ('ENE');
Insert into WIND_DIRECTION (WIND_DIRECTION) values ('ESE');
Insert into WIND_DIRECTION (WIND_DIRECTION) values ('N');
Insert into WIND_DIRECTION (WIND_DIRECTION) values ('NA');
Insert into WIND_DIRECTION (WIND_DIRECTION) values ('NE');
Insert into WIND_DIRECTION (WIND_DIRECTION) values ('NNE');
Insert into WIND_DIRECTION (WIND_DIRECTION) values ('NNW');
Insert into WIND_DIRECTION (WIND_DIRECTION) values ('NW');
Insert into WIND_DIRECTION (WIND_DIRECTION) values ('S');
Insert into WIND_DIRECTION (WIND_DIRECTION) values ('SE');
Insert into WIND_DIRECTION (WIND_DIRECTION) values ('SSE');
Insert into WIND_DIRECTION (WIND_DIRECTION) values ('SSW');
Insert into WIND_DIRECTION (WIND_DIRECTION) values ('SW');
Insert into WIND_DIRECTION (WIND_DIRECTION) values ('W');
Insert into WIND_DIRECTION (WIND_DIRECTION) values ('WNW');
Insert into WIND_DIRECTION (WIND_DIRECTION) values ('WSW');
Commit;
--------------------------------------------------------
--  Data for Table WEATHER_DAILY
--  270 total rows
--------------------------------------------------------
Insert into WEATHER_DAILY (WEATHER_DATE,LOCATION_CODE,RAINFALL,EVAPORATION,SUNSHINE,WIND_GUST_DIR,WIND_GUST_SPEED,RAINFALL_TOMORROW) values (to_date('06.01.2017','DD.MM.RRRR'),'CoffsHarbour',29.6,null,null,'SSW',41,15.2);
Insert into WEATHER_DAILY (WEATHER_DATE,LOCATION_CODE,RAINFALL,EVAPORATION,SUNSHINE,WIND_GUST_DIR,WIND_GUST_SPEED,RAINFALL_TOMORROW) values (to_date('07.01.2017','DD.MM.RRRR'),'CoffsHarbour',15.2,null,null,'ENE',28,0);
Insert into WEATHER_DAILY (WEATHER_DATE,LOCATION_CODE,RAINFALL,EVAPORATION,SUNSHINE,WIND_GUST_DIR,WIND_GUST_SPEED,RAINFALL_TOMORROW) values (to_date('15.01.2017','DD.MM.RRRR'),'CoffsHarbour',36.2,null,null,'SSW',54,21.6);
Insert into WEATHER_DAILY (WEATHER_DATE,LOCATION_CODE,RAINFALL,EVAPORATION,SUNSHINE,WIND_GUST_DIR,WIND_GUST_SPEED,RAINFALL_TOMORROW) values (to_date('16.01.2017','DD.MM.RRRR'),'CoffsHarbour',21.6,null,null,'SSE',39,0.2);
Insert into WEATHER_DAILY (WEATHER_DATE,LOCATION_CODE,RAINFALL,EVAPORATION,SUNSHINE,WIND_GUST_DIR,WIND_GUST_SPEED,RAINFALL_TOMORROW) values (to_date('21.01.2017','DD.MM.RRRR'),'CoffsHarbour',11.2,null,null,'S',59,0.6);
Insert into WEATHER_DAILY (WEATHER_DATE,LOCATION_CODE,RAINFALL,EVAPORATION,SUNSHINE,WIND_GUST_DIR,WIND_GUST_SPEED,RAINFALL_TOMORROW) values (to_date('27.01.2017','DD.MM.RRRR'),'CoffsHarbour',13,null,null,'SW',37,0);
Insert into WEATHER_DAILY (WEATHER_DATE,LOCATION_CODE,RAINFALL,EVAPORATION,SUNSHINE,WIND_GUST_DIR,WIND_GUST_SPEED,RAINFALL_TOMORROW) values (to_date('15.02.2017','DD.MM.RRRR'),'CoffsHarbour',12.2,null,null,'E',37,0.2);
Insert into WEATHER_DAILY (WEATHER_DATE,LOCATION_CODE,RAINFALL,EVAPORATION,SUNSHINE,WIND_GUST_DIR,WIND_GUST_SPEED,RAINFALL_TOMORROW) values (to_date('18.02.2017','DD.MM.RRRR'),'CoffsHarbour',16,null,null,'NNE',59,0.1);
Insert into WEATHER_DAILY (WEATHER_DATE,LOCATION_CODE,RAINFALL,EVAPORATION,SUNSHINE,WIND_GUST_DIR,WIND_GUST_SPEED,RAINFALL_TOMORROW) values (to_date('20.02.2017','DD.MM.RRRR'),'CoffsHarbour',16.2,null,null,'NNE',28,0);
Insert into WEATHER_DAILY (WEATHER_DATE,LOCATION_CODE,RAINFALL,EVAPORATION,SUNSHINE,WIND_GUST_DIR,WIND_GUST_SPEED,RAINFALL_TOMORROW) values (to_date('28.02.2017','DD.MM.RRRR'),'CoffsHarbour',37.6,null,null,'SW',30,11.6);
Insert into WEATHER_DAILY (WEATHER_DATE,LOCATION_CODE,RAINFALL,EVAPORATION,SUNSHINE,WIND_GUST_DIR,WIND_GUST_SPEED,RAINFALL_TOMORROW) values (to_date('01.03.2017','DD.MM.RRRR'),'CoffsHarbour',11.6,null,null,'S',30,4.2);
Insert into WEATHER_DAILY (WEATHER_DATE,LOCATION_CODE,RAINFALL,EVAPORATION,SUNSHINE,WIND_GUST_DIR,WIND_GUST_SPEED,RAINFALL_TOMORROW) values (to_date('05.03.2017','DD.MM.RRRR'),'CoffsHarbour',43.8,null,null,'S',46,41.5);
Insert into WEATHER_DAILY (WEATHER_DATE,LOCATION_CODE,RAINFALL,EVAPORATION,SUNSHINE,WIND_GUST_DIR,WIND_GUST_SPEED,RAINFALL_TOMORROW) values (to_date('06.03.2017','DD.MM.RRRR'),'CoffsHarbour',41.5,null,null,'S',54,0);
Insert into WEATHER_DAILY (WEATHER_DATE,LOCATION_CODE,RAINFALL,EVAPORATION,SUNSHINE,WIND_GUST_DIR,WIND_GUST_SPEED,RAINFALL_TOMORROW) values (to_date('15.03.2017','DD.MM.RRRR'),'CoffsHarbour',50.6,null,null,'SSE',39,142.8);
Insert into WEATHER_DAILY (WEATHER_DATE,LOCATION_CODE,RAINFALL,EVAPORATION,SUNSHINE,WIND_GUST_DIR,WIND_GUST_SPEED,RAINFALL_TOMORROW) values (to_date('16.03.2017','DD.MM.RRRR'),'CoffsHarbour',142.8,null,null,'NNE',19,0.2);
Insert into WEATHER_DAILY (WEATHER_DATE,LOCATION_CODE,RAINFALL,EVAPORATION,SUNSHINE,WIND_GUST_DIR,WIND_GUST_SPEED,RAINFALL_TOMORROW) values (to_date('18.03.2017','DD.MM.RRRR'),'CoffsHarbour',106.2,null,null,'SE',70,33);
Insert into WEATHER_DAILY (WEATHER_DATE,LOCATION_CODE,RAINFALL,EVAPORATION,SUNSHINE,WIND_GUST_DIR,WIND_GUST_SPEED,RAINFALL_TOMORROW) values (to_date('19.03.2017','DD.MM.RRRR'),'CoffsHarbour',33,null,null,'NE',41,12.8);
Insert into WEATHER_DAILY (WEATHER_DATE,LOCATION_CODE,RAINFALL,EVAPORATION,SUNSHINE,WIND_GUST_DIR,WIND_GUST_SPEED,RAINFALL_TOMORROW) values (to_date('20.03.2017','DD.MM.RRRR'),'CoffsHarbour',12.8,null,null,'NE',35,1.8);
Insert into WEATHER_DAILY (WEATHER_DATE,LOCATION_CODE,RAINFALL,EVAPORATION,SUNSHINE,WIND_GUST_DIR,WIND_GUST_SPEED,RAINFALL_TOMORROW) values (to_date('31.03.2017','DD.MM.RRRR'),'CoffsHarbour',104.8,null,null,'SW',69,0.4);
Insert into WEATHER_DAILY (WEATHER_DATE,LOCATION_CODE,RAINFALL,EVAPORATION,SUNSHINE,WIND_GUST_DIR,WIND_GUST_SPEED,RAINFALL_TOMORROW) values (to_date('05.04.2017','DD.MM.RRRR'),'CoffsHarbour',18.2,null,null,'SE',46,3.4);
Insert into WEATHER_DAILY (WEATHER_DATE,LOCATION_CODE,RAINFALL,EVAPORATION,SUNSHINE,WIND_GUST_DIR,WIND_GUST_SPEED,RAINFALL_TOMORROW) values (to_date('07.04.2017','DD.MM.RRRR'),'CoffsHarbour',22.2,null,null,'S',41,10.4);
Insert into WEATHER_DAILY (WEATHER_DATE,LOCATION_CODE,RAINFALL,EVAPORATION,SUNSHINE,WIND_GUST_DIR,WIND_GUST_SPEED,RAINFALL_TOMORROW) values (to_date('08.04.2017','DD.MM.RRRR'),'CoffsHarbour',10.4,null,null,'WSW',30,0.1);
Insert into WEATHER_DAILY (WEATHER_DATE,LOCATION_CODE,RAINFALL,EVAPORATION,SUNSHINE,WIND_GUST_DIR,WIND_GUST_SPEED,RAINFALL_TOMORROW) values (to_date('04.05.2017','DD.MM.RRRR'),'CoffsHarbour',22.2,null,null,'S',41,2.4);
Insert into WEATHER_DAILY (WEATHER_DATE,LOCATION_CODE,RAINFALL,EVAPORATION,SUNSHINE,WIND_GUST_DIR,WIND_GUST_SPEED,RAINFALL_TOMORROW) values (to_date('14.05.2017','DD.MM.RRRR'),'CoffsHarbour',31.1,null,null,'WSW',30,13.9);
Insert into WEATHER_DAILY (WEATHER_DATE,LOCATION_CODE,RAINFALL,EVAPORATION,SUNSHINE,WIND_GUST_DIR,WIND_GUST_SPEED,RAINFALL_TOMORROW) values (to_date('15.05.2017','DD.MM.RRRR'),'CoffsHarbour',13.9,null,null,'SW',33,0.2);
Insert into WEATHER_DAILY (WEATHER_DATE,LOCATION_CODE,RAINFALL,EVAPORATION,SUNSHINE,WIND_GUST_DIR,WIND_GUST_SPEED,RAINFALL_TOMORROW) values (to_date('10.06.2017','DD.MM.RRRR'),'CoffsHarbour',71,null,null,'ESE',44,90.6);
Insert into WEATHER_DAILY (WEATHER_DATE,LOCATION_CODE,RAINFALL,EVAPORATION,SUNSHINE,WIND_GUST_DIR,WIND_GUST_SPEED,RAINFALL_TOMORROW) values (to_date('11.06.2017','DD.MM.RRRR'),'CoffsHarbour',90.6,null,null,'ENE',35,26.8);
Insert into WEATHER_DAILY (WEATHER_DATE,LOCATION_CODE,RAINFALL,EVAPORATION,SUNSHINE,WIND_GUST_DIR,WIND_GUST_SPEED,RAINFALL_TOMORROW) values (to_date('12.06.2017','DD.MM.RRRR'),'CoffsHarbour',26.8,null,null,'SSW',43,64.8);
Insert into WEATHER_DAILY (WEATHER_DATE,LOCATION_CODE,RAINFALL,EVAPORATION,SUNSHINE,WIND_GUST_DIR,WIND_GUST_SPEED,RAINFALL_TOMORROW) values (to_date('13.06.2017','DD.MM.RRRR'),'CoffsHarbour',64.8,null,null,'SW',50,1.4);
Insert into WEATHER_DAILY (WEATHER_DATE,LOCATION_CODE,RAINFALL,EVAPORATION,SUNSHINE,WIND_GUST_DIR,WIND_GUST_SPEED,RAINFALL_TOMORROW) values (to_date('18.06.2017','DD.MM.RRRR'),'CoffsHarbour',24,null,null,'SW',56,0);
Insert into WEATHER_DAILY (WEATHER_DATE,LOCATION_CODE,RAINFALL,EVAPORATION,SUNSHINE,WIND_GUST_DIR,WIND_GUST_SPEED,RAINFALL_TOMORROW) values (to_date('25.01.2017','DD.MM.RRRR'),'NorahHead',26,null,null,'S',48,1.4);
Insert into WEATHER_DAILY (WEATHER_DATE,LOCATION_CODE,RAINFALL,EVAPORATION,SUNSHINE,WIND_GUST_DIR,WIND_GUST_SPEED,RAINFALL_TOMORROW) values (to_date('01.02.2017','DD.MM.RRRR'),'NorahHead',11.2,null,null,'SSW',46,5.6);
Insert into WEATHER_DAILY (WEATHER_DATE,LOCATION_CODE,RAINFALL,EVAPORATION,SUNSHINE,WIND_GUST_DIR,WIND_GUST_SPEED,RAINFALL_TOMORROW) values (to_date('08.02.2017','DD.MM.RRRR'),'NorahHead',11.6,null,null,'E',39,4.8);
Insert into WEATHER_DAILY (WEATHER_DATE,LOCATION_CODE,RAINFALL,EVAPORATION,SUNSHINE,WIND_GUST_DIR,WIND_GUST_SPEED,RAINFALL_TOMORROW) values (to_date('15.02.2017','DD.MM.RRRR'),'NorahHead',26.4,null,null,'NE',43,0.2);
Insert into WEATHER_DAILY (WEATHER_DATE,LOCATION_CODE,RAINFALL,EVAPORATION,SUNSHINE,WIND_GUST_DIR,WIND_GUST_SPEED,RAINFALL_TOMORROW) values (to_date('26.02.2017','DD.MM.RRRR'),'NorahHead',17,null,null,'SE',54,7.2);
Insert into WEATHER_DAILY (WEATHER_DATE,LOCATION_CODE,RAINFALL,EVAPORATION,SUNSHINE,WIND_GUST_DIR,WIND_GUST_SPEED,RAINFALL_TOMORROW) values (to_date('28.02.2017','DD.MM.RRRR'),'NorahHead',29,null,null,'SE',50,31.2);
Insert into WEATHER_DAILY (WEATHER_DATE,LOCATION_CODE,RAINFALL,EVAPORATION,SUNSHINE,WIND_GUST_DIR,WIND_GUST_SPEED,RAINFALL_TOMORROW) values (to_date('01.03.2017','DD.MM.RRRR'),'NorahHead',31.2,null,null,'E',43,4.8);
Insert into WEATHER_DAILY (WEATHER_DATE,LOCATION_CODE,RAINFALL,EVAPORATION,SUNSHINE,WIND_GUST_DIR,WIND_GUST_SPEED,RAINFALL_TOMORROW) values (to_date('03.03.2017','DD.MM.RRRR'),'NorahHead',28,null,null,'SE',56,27.8);
Insert into WEATHER_DAILY (WEATHER_DATE,LOCATION_CODE,RAINFALL,EVAPORATION,SUNSHINE,WIND_GUST_DIR,WIND_GUST_SPEED,RAINFALL_TOMORROW) values (to_date('04.03.2017','DD.MM.RRRR'),'NorahHead',27.8,null,null,'SE',65,3.6);
Insert into WEATHER_DAILY (WEATHER_DATE,LOCATION_CODE,RAINFALL,EVAPORATION,SUNSHINE,WIND_GUST_DIR,WIND_GUST_SPEED,RAINFALL_TOMORROW) values (to_date('08.03.2017','DD.MM.RRRR'),'NorahHead',10.2,null,null,'S',63,0.4);
Insert into WEATHER_DAILY (WEATHER_DATE,LOCATION_CODE,RAINFALL,EVAPORATION,SUNSHINE,WIND_GUST_DIR,WIND_GUST_SPEED,RAINFALL_TOMORROW) values (to_date('14.03.2017','DD.MM.RRRR'),'NorahHead',10.6,null,null,'ESE',56,32);
Insert into WEATHER_DAILY (WEATHER_DATE,LOCATION_CODE,RAINFALL,EVAPORATION,SUNSHINE,WIND_GUST_DIR,WIND_GUST_SPEED,RAINFALL_TOMORROW) values (to_date('15.03.2017','DD.MM.RRRR'),'NorahHead',32,null,null,'ENE',48,12.4);
Insert into WEATHER_DAILY (WEATHER_DATE,LOCATION_CODE,RAINFALL,EVAPORATION,SUNSHINE,WIND_GUST_DIR,WIND_GUST_SPEED,RAINFALL_TOMORROW) values (to_date('16.03.2017','DD.MM.RRRR'),'NorahHead',12.4,null,null,'NE',54,9);
Insert into WEATHER_DAILY (WEATHER_DATE,LOCATION_CODE,RAINFALL,EVAPORATION,SUNSHINE,WIND_GUST_DIR,WIND_GUST_SPEED,RAINFALL_TOMORROW) values (to_date('18.03.2017','DD.MM.RRRR'),'NorahHead',18.4,null,null,'S',72,6.8);
Insert into WEATHER_DAILY (WEATHER_DATE,LOCATION_CODE,RAINFALL,EVAPORATION,SUNSHINE,WIND_GUST_DIR,WIND_GUST_SPEED,RAINFALL_TOMORROW) values (to_date('31.03.2017','DD.MM.RRRR'),'NorahHead',72,null,null,'SSW',67,3.8);
Insert into WEATHER_DAILY (WEATHER_DATE,LOCATION_CODE,RAINFALL,EVAPORATION,SUNSHINE,WIND_GUST_DIR,WIND_GUST_SPEED,RAINFALL_TOMORROW) values (to_date('12.04.2017','DD.MM.RRRR'),'NorahHead',38,null,null,'S',54,10.4);
Insert into WEATHER_DAILY (WEATHER_DATE,LOCATION_CODE,RAINFALL,EVAPORATION,SUNSHINE,WIND_GUST_DIR,WIND_GUST_SPEED,RAINFALL_TOMORROW) values (to_date('13.04.2017','DD.MM.RRRR'),'NorahHead',10.4,null,null,'S',37,0.4);
Insert into WEATHER_DAILY (WEATHER_DATE,LOCATION_CODE,RAINFALL,EVAPORATION,SUNSHINE,WIND_GUST_DIR,WIND_GUST_SPEED,RAINFALL_TOMORROW) values (to_date('20.05.2017','DD.MM.RRRR'),'NorahHead',14.8,null,null,'NNE',43,0.2);
Insert into WEATHER_DAILY (WEATHER_DATE,LOCATION_CODE,RAINFALL,EVAPORATION,SUNSHINE,WIND_GUST_DIR,WIND_GUST_SPEED,RAINFALL_TOMORROW) values (to_date('07.06.2017','DD.MM.RRRR'),'NorahHead',40.8,null,null,'S',74,27.2);
Insert into WEATHER_DAILY (WEATHER_DATE,LOCATION_CODE,RAINFALL,EVAPORATION,SUNSHINE,WIND_GUST_DIR,WIND_GUST_SPEED,RAINFALL_TOMORROW) values (to_date('08.06.2017','DD.MM.RRRR'),'NorahHead',27.2,null,null,'SSE',67,3.4);
Insert into WEATHER_DAILY (WEATHER_DATE,LOCATION_CODE,RAINFALL,EVAPORATION,SUNSHINE,WIND_GUST_DIR,WIND_GUST_SPEED,RAINFALL_TOMORROW) values (to_date('10.06.2017','DD.MM.RRRR'),'NorahHead',26.6,null,null,'ESE',46,14);
Insert into WEATHER_DAILY (WEATHER_DATE,LOCATION_CODE,RAINFALL,EVAPORATION,SUNSHINE,WIND_GUST_DIR,WIND_GUST_SPEED,RAINFALL_TOMORROW) values (to_date('11.06.2017','DD.MM.RRRR'),'NorahHead',14,null,null,'N',28,0);
Insert into WEATHER_DAILY (WEATHER_DATE,LOCATION_CODE,RAINFALL,EVAPORATION,SUNSHINE,WIND_GUST_DIR,WIND_GUST_SPEED,RAINFALL_TOMORROW) values (to_date('19.06.2017','DD.MM.RRRR'),'NorahHead',27.2,null,null,'SSE',54,3.2);
Insert into WEATHER_DAILY (WEATHER_DATE,LOCATION_CODE,RAINFALL,EVAPORATION,SUNSHINE,WIND_GUST_DIR,WIND_GUST_SPEED,RAINFALL_TOMORROW) values (to_date('28.02.2017','DD.MM.RRRR'),'Williamtown',11,null,null,'SSE',37,12.4);
Insert into WEATHER_DAILY (WEATHER_DATE,LOCATION_CODE,RAINFALL,EVAPORATION,SUNSHINE,WIND_GUST_DIR,WIND_GUST_SPEED,RAINFALL_TOMORROW) values (to_date('01.03.2017','DD.MM.RRRR'),'Williamtown',12.4,null,null,'ESE',39,15.6);
Insert into WEATHER_DAILY (WEATHER_DATE,LOCATION_CODE,RAINFALL,EVAPORATION,SUNSHINE,WIND_GUST_DIR,WIND_GUST_SPEED,RAINFALL_TOMORROW) values (to_date('02.03.2017','DD.MM.RRRR'),'Williamtown',15.6,null,null,'ESE',33,3.4);
Insert into WEATHER_DAILY (WEATHER_DATE,LOCATION_CODE,RAINFALL,EVAPORATION,SUNSHINE,WIND_GUST_DIR,WIND_GUST_SPEED,RAINFALL_TOMORROW) values (to_date('04.03.2017','DD.MM.RRRR'),'Williamtown',31.4,null,null,'SSW',39,14.2);
Insert into WEATHER_DAILY (WEATHER_DATE,LOCATION_CODE,RAINFALL,EVAPORATION,SUNSHINE,WIND_GUST_DIR,WIND_GUST_SPEED,RAINFALL_TOMORROW) values (to_date('05.03.2017','DD.MM.RRRR'),'Williamtown',14.2,null,null,'SW',48,0.4);
Insert into WEATHER_DAILY (WEATHER_DATE,LOCATION_CODE,RAINFALL,EVAPORATION,SUNSHINE,WIND_GUST_DIR,WIND_GUST_SPEED,RAINFALL_TOMORROW) values (to_date('15.03.2017','DD.MM.RRRR'),'Williamtown',13.2,null,null,'ENE',52,9.2);
Insert into WEATHER_DAILY (WEATHER_DATE,LOCATION_CODE,RAINFALL,EVAPORATION,SUNSHINE,WIND_GUST_DIR,WIND_GUST_SPEED,RAINFALL_TOMORROW) values (to_date('18.03.2017','DD.MM.RRRR'),'Williamtown',26,null,null,'ESE',59,15.6);
Insert into WEATHER_DAILY (WEATHER_DATE,LOCATION_CODE,RAINFALL,EVAPORATION,SUNSHINE,WIND_GUST_DIR,WIND_GUST_SPEED,RAINFALL_TOMORROW) values (to_date('19.03.2017','DD.MM.RRRR'),'Williamtown',15.6,null,null,'E',48,2.4);
Insert into WEATHER_DAILY (WEATHER_DATE,LOCATION_CODE,RAINFALL,EVAPORATION,SUNSHINE,WIND_GUST_DIR,WIND_GUST_SPEED,RAINFALL_TOMORROW) values (to_date('24.03.2017','DD.MM.RRRR'),'Williamtown',12.8,null,null,'SSE',50,0.2);
Insert into WEATHER_DAILY (WEATHER_DATE,LOCATION_CODE,RAINFALL,EVAPORATION,SUNSHINE,WIND_GUST_DIR,WIND_GUST_SPEED,RAINFALL_TOMORROW) values (to_date('31.03.2017','DD.MM.RRRR'),'Williamtown',51.4,null,null,'S',61,3.2);
Insert into WEATHER_DAILY (WEATHER_DATE,LOCATION_CODE,RAINFALL,EVAPORATION,SUNSHINE,WIND_GUST_DIR,WIND_GUST_SPEED,RAINFALL_TOMORROW) values (to_date('04.04.2017','DD.MM.RRRR'),'Williamtown',15,null,null,'SSE',54,10.6);
Insert into WEATHER_DAILY (WEATHER_DATE,LOCATION_CODE,RAINFALL,EVAPORATION,SUNSHINE,WIND_GUST_DIR,WIND_GUST_SPEED,RAINFALL_TOMORROW) values (to_date('05.04.2017','DD.MM.RRRR'),'Williamtown',10.6,null,null,'SE',37,11.2);
Insert into WEATHER_DAILY (WEATHER_DATE,LOCATION_CODE,RAINFALL,EVAPORATION,SUNSHINE,WIND_GUST_DIR,WIND_GUST_SPEED,RAINFALL_TOMORROW) values (to_date('06.04.2017','DD.MM.RRRR'),'Williamtown',11.2,null,null,'SSE',33,0.8);
Insert into WEATHER_DAILY (WEATHER_DATE,LOCATION_CODE,RAINFALL,EVAPORATION,SUNSHINE,WIND_GUST_DIR,WIND_GUST_SPEED,RAINFALL_TOMORROW) values (to_date('12.04.2017','DD.MM.RRRR'),'Williamtown',33,null,null,'S',44,19.4);
Insert into WEATHER_DAILY (WEATHER_DATE,LOCATION_CODE,RAINFALL,EVAPORATION,SUNSHINE,WIND_GUST_DIR,WIND_GUST_SPEED,RAINFALL_TOMORROW) values (to_date('13.04.2017','DD.MM.RRRR'),'Williamtown',19.4,null,null,'S',33,0.8);
Insert into WEATHER_DAILY (WEATHER_DATE,LOCATION_CODE,RAINFALL,EVAPORATION,SUNSHINE,WIND_GUST_DIR,WIND_GUST_SPEED,RAINFALL_TOMORROW) values (to_date('04.06.2017','DD.MM.RRRR'),'Williamtown',23.6,null,null,'S',28,0.2);
Insert into WEATHER_DAILY (WEATHER_DATE,LOCATION_CODE,RAINFALL,EVAPORATION,SUNSHINE,WIND_GUST_DIR,WIND_GUST_SPEED,RAINFALL_TOMORROW) values (to_date('07.06.2017','DD.MM.RRRR'),'Williamtown',12.6,null,null,'W',41,49.2);
Insert into WEATHER_DAILY (WEATHER_DATE,LOCATION_CODE,RAINFALL,EVAPORATION,SUNSHINE,WIND_GUST_DIR,WIND_GUST_SPEED,RAINFALL_TOMORROW) values (to_date('08.06.2017','DD.MM.RRRR'),'Williamtown',49.2,null,null,'SE',39,27.8);
Insert into WEATHER_DAILY (WEATHER_DATE,LOCATION_CODE,RAINFALL,EVAPORATION,SUNSHINE,WIND_GUST_DIR,WIND_GUST_SPEED,RAINFALL_TOMORROW) values (to_date('09.06.2017','DD.MM.RRRR'),'Williamtown',27.8,null,null,'NE',31,42.6);
Insert into WEATHER_DAILY (WEATHER_DATE,LOCATION_CODE,RAINFALL,EVAPORATION,SUNSHINE,WIND_GUST_DIR,WIND_GUST_SPEED,RAINFALL_TOMORROW) values (to_date('10.06.2017','DD.MM.RRRR'),'Williamtown',42.6,null,null,'ESE',35,4.4);
Insert into WEATHER_DAILY (WEATHER_DATE,LOCATION_CODE,RAINFALL,EVAPORATION,SUNSHINE,WIND_GUST_DIR,WIND_GUST_SPEED,RAINFALL_TOMORROW) values (to_date('14.06.2017','DD.MM.RRRR'),'Williamtown',13.2,null,null,'SW',24,4.2);
Insert into WEATHER_DAILY (WEATHER_DATE,LOCATION_CODE,RAINFALL,EVAPORATION,SUNSHINE,WIND_GUST_DIR,WIND_GUST_SPEED,RAINFALL_TOMORROW) values (to_date('19.06.2017','DD.MM.RRRR'),'Williamtown',36.2,null,null,'W',37,0);
Insert into WEATHER_DAILY (WEATHER_DATE,LOCATION_CODE,RAINFALL,EVAPORATION,SUNSHINE,WIND_GUST_DIR,WIND_GUST_SPEED,RAINFALL_TOMORROW) values (to_date('02.01.2017','DD.MM.RRRR'),'Williamtown',28.4,null,null,'SSE',48,0.2);
Insert into WEATHER_DAILY (WEATHER_DATE,LOCATION_CODE,RAINFALL,EVAPORATION,SUNSHINE,WIND_GUST_DIR,WIND_GUST_SPEED,RAINFALL_TOMORROW) values (to_date('25.01.2017','DD.MM.RRRR'),'Williamtown',16,null,null,'S',44,0.8);
Insert into WEATHER_DAILY (WEATHER_DATE,LOCATION_CODE,RAINFALL,EVAPORATION,SUNSHINE,WIND_GUST_DIR,WIND_GUST_SPEED,RAINFALL_TOMORROW) values (to_date('18.02.2017','DD.MM.RRRR'),'Williamtown',15.6,null,null,'NA',null,12.8);
Insert into WEATHER_DAILY (WEATHER_DATE,LOCATION_CODE,RAINFALL,EVAPORATION,SUNSHINE,WIND_GUST_DIR,WIND_GUST_SPEED,RAINFALL_TOMORROW) values (to_date('19.02.2017','DD.MM.RRRR'),'Williamtown',12.8,null,null,'NA',null,0.8);
Insert into WEATHER_DAILY (WEATHER_DATE,LOCATION_CODE,RAINFALL,EVAPORATION,SUNSHINE,WIND_GUST_DIR,WIND_GUST_SPEED,RAINFALL_TOMORROW) values (to_date('06.01.2017','DD.MM.RRRR'),'Wollongong',11.8,null,null,'ENE',26,0.6);
Insert into WEATHER_DAILY (WEATHER_DATE,LOCATION_CODE,RAINFALL,EVAPORATION,SUNSHINE,WIND_GUST_DIR,WIND_GUST_SPEED,RAINFALL_TOMORROW) values (to_date('08.02.2017','DD.MM.RRRR'),'Wollongong',29.4,null,null,'ESE',48,5.6);
Insert into WEATHER_DAILY (WEATHER_DATE,LOCATION_CODE,RAINFALL,EVAPORATION,SUNSHINE,WIND_GUST_DIR,WIND_GUST_SPEED,RAINFALL_TOMORROW) values (to_date('14.02.2017','DD.MM.RRRR'),'Wollongong',11.6,null,null,'S',43,0.2);
Insert into WEATHER_DAILY (WEATHER_DATE,LOCATION_CODE,RAINFALL,EVAPORATION,SUNSHINE,WIND_GUST_DIR,WIND_GUST_SPEED,RAINFALL_TOMORROW) values (to_date('19.02.2017','DD.MM.RRRR'),'Wollongong',14,null,null,'SSW',52,0.2);
Insert into WEATHER_DAILY (WEATHER_DATE,LOCATION_CODE,RAINFALL,EVAPORATION,SUNSHINE,WIND_GUST_DIR,WIND_GUST_SPEED,RAINFALL_TOMORROW) values (to_date('26.02.2017','DD.MM.RRRR'),'Wollongong',24.4,null,null,'SE',54,3.8);
Insert into WEATHER_DAILY (WEATHER_DATE,LOCATION_CODE,RAINFALL,EVAPORATION,SUNSHINE,WIND_GUST_DIR,WIND_GUST_SPEED,RAINFALL_TOMORROW) values (to_date('28.02.2017','DD.MM.RRRR'),'Wollongong',16.2,null,null,'SSW',33,0);
Insert into WEATHER_DAILY (WEATHER_DATE,LOCATION_CODE,RAINFALL,EVAPORATION,SUNSHINE,WIND_GUST_DIR,WIND_GUST_SPEED,RAINFALL_TOMORROW) values (to_date('02.03.2017','DD.MM.RRRR'),'Wollongong',30.6,null,null,'SSW',22,49);
Insert into WEATHER_DAILY (WEATHER_DATE,LOCATION_CODE,RAINFALL,EVAPORATION,SUNSHINE,WIND_GUST_DIR,WIND_GUST_SPEED,RAINFALL_TOMORROW) values (to_date('03.03.2017','DD.MM.RRRR'),'Wollongong',49,null,null,'SE',50,30);
Insert into WEATHER_DAILY (WEATHER_DATE,LOCATION_CODE,RAINFALL,EVAPORATION,SUNSHINE,WIND_GUST_DIR,WIND_GUST_SPEED,RAINFALL_TOMORROW) values (to_date('04.03.2017','DD.MM.RRRR'),'Wollongong',30,null,null,'ESE',67,24.6);
Insert into WEATHER_DAILY (WEATHER_DATE,LOCATION_CODE,RAINFALL,EVAPORATION,SUNSHINE,WIND_GUST_DIR,WIND_GUST_SPEED,RAINFALL_TOMORROW) values (to_date('05.03.2017','DD.MM.RRRR'),'Wollongong',24.6,null,null,'SSW',59,1.2);
Insert into WEATHER_DAILY (WEATHER_DATE,LOCATION_CODE,RAINFALL,EVAPORATION,SUNSHINE,WIND_GUST_DIR,WIND_GUST_SPEED,RAINFALL_TOMORROW) values (to_date('15.03.2017','DD.MM.RRRR'),'Wollongong',19.6,null,null,'ENE',54,12.2);
Insert into WEATHER_DAILY (WEATHER_DATE,LOCATION_CODE,RAINFALL,EVAPORATION,SUNSHINE,WIND_GUST_DIR,WIND_GUST_SPEED,RAINFALL_TOMORROW) values (to_date('16.03.2017','DD.MM.RRRR'),'Wollongong',12.2,null,null,'ESE',63,75.2);
Insert into WEATHER_DAILY (WEATHER_DATE,LOCATION_CODE,RAINFALL,EVAPORATION,SUNSHINE,WIND_GUST_DIR,WIND_GUST_SPEED,RAINFALL_TOMORROW) values (to_date('17.03.2017','DD.MM.RRRR'),'Wollongong',75.2,null,null,'S',81,18.8);
Insert into WEATHER_DAILY (WEATHER_DATE,LOCATION_CODE,RAINFALL,EVAPORATION,SUNSHINE,WIND_GUST_DIR,WIND_GUST_SPEED,RAINFALL_TOMORROW) values (to_date('18.03.2017','DD.MM.RRRR'),'Wollongong',18.8,null,null,'S',70,13);
Insert into WEATHER_DAILY (WEATHER_DATE,LOCATION_CODE,RAINFALL,EVAPORATION,SUNSHINE,WIND_GUST_DIR,WIND_GUST_SPEED,RAINFALL_TOMORROW) values (to_date('19.03.2017','DD.MM.RRRR'),'Wollongong',13,null,null,'ESE',46,1.6);
Insert into WEATHER_DAILY (WEATHER_DATE,LOCATION_CODE,RAINFALL,EVAPORATION,SUNSHINE,WIND_GUST_DIR,WIND_GUST_SPEED,RAINFALL_TOMORROW) values (to_date('23.03.2017','DD.MM.RRRR'),'Wollongong',17.2,null,null,'SSW',52,8.8);
Insert into WEATHER_DAILY (WEATHER_DATE,LOCATION_CODE,RAINFALL,EVAPORATION,SUNSHINE,WIND_GUST_DIR,WIND_GUST_SPEED,RAINFALL_TOMORROW) values (to_date('31.03.2017','DD.MM.RRRR'),'Wollongong',37,null,null,'SSW',57,0);
Insert into WEATHER_DAILY (WEATHER_DATE,LOCATION_CODE,RAINFALL,EVAPORATION,SUNSHINE,WIND_GUST_DIR,WIND_GUST_SPEED,RAINFALL_TOMORROW) values (to_date('02.04.2017','DD.MM.RRRR'),'Wollongong',14.6,null,null,'SSW',59,18.6);
Insert into WEATHER_DAILY (WEATHER_DATE,LOCATION_CODE,RAINFALL,EVAPORATION,SUNSHINE,WIND_GUST_DIR,WIND_GUST_SPEED,RAINFALL_TOMORROW) values (to_date('03.04.2017','DD.MM.RRRR'),'Wollongong',18.6,null,null,'S',65,10.4);
Insert into WEATHER_DAILY (WEATHER_DATE,LOCATION_CODE,RAINFALL,EVAPORATION,SUNSHINE,WIND_GUST_DIR,WIND_GUST_SPEED,RAINFALL_TOMORROW) values (to_date('04.04.2017','DD.MM.RRRR'),'Wollongong',10.4,null,null,'SE',48,14.6);
Insert into WEATHER_DAILY (WEATHER_DATE,LOCATION_CODE,RAINFALL,EVAPORATION,SUNSHINE,WIND_GUST_DIR,WIND_GUST_SPEED,RAINFALL_TOMORROW) values (to_date('05.04.2017','DD.MM.RRRR'),'Wollongong',14.6,null,null,'SE',50,0);
Insert into WEATHER_DAILY (WEATHER_DATE,LOCATION_CODE,RAINFALL,EVAPORATION,SUNSHINE,WIND_GUST_DIR,WIND_GUST_SPEED,RAINFALL_TOMORROW) values (to_date('10.04.2017','DD.MM.RRRR'),'Wollongong',11.8,null,null,'NW',70,0);
Insert into WEATHER_DAILY (WEATHER_DATE,LOCATION_CODE,RAINFALL,EVAPORATION,SUNSHINE,WIND_GUST_DIR,WIND_GUST_SPEED,RAINFALL_TOMORROW) values (to_date('20.05.2017','DD.MM.RRRR'),'Wollongong',15.2,null,null,'N',39,0);
Insert into WEATHER_DAILY (WEATHER_DATE,LOCATION_CODE,RAINFALL,EVAPORATION,SUNSHINE,WIND_GUST_DIR,WIND_GUST_SPEED,RAINFALL_TOMORROW) values (to_date('10.06.2017','DD.MM.RRRR'),'Wollongong',25,null,null,'SE',50,40.4);
Insert into WEATHER_DAILY (WEATHER_DATE,LOCATION_CODE,RAINFALL,EVAPORATION,SUNSHINE,WIND_GUST_DIR,WIND_GUST_SPEED,RAINFALL_TOMORROW) values (to_date('11.06.2017','DD.MM.RRRR'),'Wollongong',40.4,null,null,'NW',28,0.2);
Insert into WEATHER_DAILY (WEATHER_DATE,LOCATION_CODE,RAINFALL,EVAPORATION,SUNSHINE,WIND_GUST_DIR,WIND_GUST_SPEED,RAINFALL_TOMORROW) values (to_date('25.01.2017','DD.MM.RRRR'),'Sydney',17.8,10.2,0.3,'SSE',35,0);
Insert into WEATHER_DAILY (WEATHER_DATE,LOCATION_CODE,RAINFALL,EVAPORATION,SUNSHINE,WIND_GUST_DIR,WIND_GUST_SPEED,RAINFALL_TOMORROW) values (to_date('08.02.2017','DD.MM.RRRR'),'Sydney',85,3.4,5.9,'ESE',46,5.4);
Insert into WEATHER_DAILY (WEATHER_DATE,LOCATION_CODE,RAINFALL,EVAPORATION,SUNSHINE,WIND_GUST_DIR,WIND_GUST_SPEED,RAINFALL_TOMORROW) values (to_date('15.02.2017','DD.MM.RRRR'),'Sydney',25.6,1.2,10.1,'ENE',37,0);
Insert into WEATHER_DAILY (WEATHER_DATE,LOCATION_CODE,RAINFALL,EVAPORATION,SUNSHINE,WIND_GUST_DIR,WIND_GUST_SPEED,RAINFALL_TOMORROW) values (to_date('26.02.2017','DD.MM.RRRR'),'Sydney',28.6,5.8,5.3,'S',48,26.4);
Insert into WEATHER_DAILY (WEATHER_DATE,LOCATION_CODE,RAINFALL,EVAPORATION,SUNSHINE,WIND_GUST_DIR,WIND_GUST_SPEED,RAINFALL_TOMORROW) values (to_date('27.02.2017','DD.MM.RRRR'),'Sydney',26.4,7.6,7.5,'ESE',44,2.6);
Insert into WEATHER_DAILY (WEATHER_DATE,LOCATION_CODE,RAINFALL,EVAPORATION,SUNSHINE,WIND_GUST_DIR,WIND_GUST_SPEED,RAINFALL_TOMORROW) values (to_date('01.03.2017','DD.MM.RRRR'),'Sydney',26.4,7.2,2.2,'E',43,3.2);
Insert into WEATHER_DAILY (WEATHER_DATE,LOCATION_CODE,RAINFALL,EVAPORATION,SUNSHINE,WIND_GUST_DIR,WIND_GUST_SPEED,RAINFALL_TOMORROW) values (to_date('03.03.2017','DD.MM.RRRR'),'Sydney',37.8,5.2,1.4,'SE',63,27.6);
Insert into WEATHER_DAILY (WEATHER_DATE,LOCATION_CODE,RAINFALL,EVAPORATION,SUNSHINE,WIND_GUST_DIR,WIND_GUST_SPEED,RAINFALL_TOMORROW) values (to_date('04.03.2017','DD.MM.RRRR'),'Sydney',27.6,4,0.2,'SSE',54,7.6);
Insert into WEATHER_DAILY (WEATHER_DATE,LOCATION_CODE,RAINFALL,EVAPORATION,SUNSHINE,WIND_GUST_DIR,WIND_GUST_SPEED,RAINFALL_TOMORROW) values (to_date('15.03.2017','DD.MM.RRRR'),'Sydney',38,null,5.5,'E',54,2.6);
Insert into WEATHER_DAILY (WEATHER_DATE,LOCATION_CODE,RAINFALL,EVAPORATION,SUNSHINE,WIND_GUST_DIR,WIND_GUST_SPEED,RAINFALL_TOMORROW) values (to_date('17.03.2017','DD.MM.RRRR'),'Sydney',20,3,1.3,'S',59,45.8);
Insert into WEATHER_DAILY (WEATHER_DATE,LOCATION_CODE,RAINFALL,EVAPORATION,SUNSHINE,WIND_GUST_DIR,WIND_GUST_SPEED,RAINFALL_TOMORROW) values (to_date('18.03.2017','DD.MM.RRRR'),'Sydney',45.8,2.8,3.6,'SSE',65,4.2);
Insert into WEATHER_DAILY (WEATHER_DATE,LOCATION_CODE,RAINFALL,EVAPORATION,SUNSHINE,WIND_GUST_DIR,WIND_GUST_SPEED,RAINFALL_TOMORROW) values (to_date('22.03.2017','DD.MM.RRRR'),'Sydney',25.6,6,4.4,'WSW',63,18.2);
Insert into WEATHER_DAILY (WEATHER_DATE,LOCATION_CODE,RAINFALL,EVAPORATION,SUNSHINE,WIND_GUST_DIR,WIND_GUST_SPEED,RAINFALL_TOMORROW) values (to_date('23.03.2017','DD.MM.RRRR'),'Sydney',18.2,null,0.2,'SSW',41,10.2);
Insert into WEATHER_DAILY (WEATHER_DATE,LOCATION_CODE,RAINFALL,EVAPORATION,SUNSHINE,WIND_GUST_DIR,WIND_GUST_SPEED,RAINFALL_TOMORROW) values (to_date('24.03.2017','DD.MM.RRRR'),'Sydney',10.2,7.8,5.5,'S',41,4.8);
Insert into WEATHER_DAILY (WEATHER_DATE,LOCATION_CODE,RAINFALL,EVAPORATION,SUNSHINE,WIND_GUST_DIR,WIND_GUST_SPEED,RAINFALL_TOMORROW) values (to_date('31.03.2017','DD.MM.RRRR'),'Sydney',42.4,null,9.9,'SW',54,0);
Insert into WEATHER_DAILY (WEATHER_DATE,LOCATION_CODE,RAINFALL,EVAPORATION,SUNSHINE,WIND_GUST_DIR,WIND_GUST_SPEED,RAINFALL_TOMORROW) values (to_date('03.04.2017','DD.MM.RRRR'),'Sydney',33.8,4.2,1.5,'SSE',50,7.8);
Insert into WEATHER_DAILY (WEATHER_DATE,LOCATION_CODE,RAINFALL,EVAPORATION,SUNSHINE,WIND_GUST_DIR,WIND_GUST_SPEED,RAINFALL_TOMORROW) values (to_date('13.04.2017','DD.MM.RRRR'),'Sydney',19.8,2.4,9.2,'SSE',31,0);
Insert into WEATHER_DAILY (WEATHER_DATE,LOCATION_CODE,RAINFALL,EVAPORATION,SUNSHINE,WIND_GUST_DIR,WIND_GUST_SPEED,RAINFALL_TOMORROW) values (to_date('20.05.2017','DD.MM.RRRR'),'Sydney',14.6,1,5.4,'NE',35,0);
Insert into WEATHER_DAILY (WEATHER_DATE,LOCATION_CODE,RAINFALL,EVAPORATION,SUNSHINE,WIND_GUST_DIR,WIND_GUST_SPEED,RAINFALL_TOMORROW) values (to_date('07.06.2017','DD.MM.RRRR'),'Sydney',54.6,2.6,0,'SSW',56,61);
Insert into WEATHER_DAILY (WEATHER_DATE,LOCATION_CODE,RAINFALL,EVAPORATION,SUNSHINE,WIND_GUST_DIR,WIND_GUST_SPEED,RAINFALL_TOMORROW) values (to_date('08.06.2017','DD.MM.RRRR'),'Sydney',61,1.8,1.3,'SE',44,3.4);
Insert into WEATHER_DAILY (WEATHER_DATE,LOCATION_CODE,RAINFALL,EVAPORATION,SUNSHINE,WIND_GUST_DIR,WIND_GUST_SPEED,RAINFALL_TOMORROW) values (to_date('10.06.2017','DD.MM.RRRR'),'Sydney',38.8,3.6,0.2,'SSE',50,2.8);
Insert into WEATHER_DAILY (WEATHER_DATE,LOCATION_CODE,RAINFALL,EVAPORATION,SUNSHINE,WIND_GUST_DIR,WIND_GUST_SPEED,RAINFALL_TOMORROW) values (to_date('03.01.2017','DD.MM.RRRR'),'GoldCoast',33.8,null,null,'SSE',57,14.6);
Insert into WEATHER_DAILY (WEATHER_DATE,LOCATION_CODE,RAINFALL,EVAPORATION,SUNSHINE,WIND_GUST_DIR,WIND_GUST_SPEED,RAINFALL_TOMORROW) values (to_date('04.01.2017','DD.MM.RRRR'),'GoldCoast',14.6,null,null,'SSE',54,0);
Insert into WEATHER_DAILY (WEATHER_DATE,LOCATION_CODE,RAINFALL,EVAPORATION,SUNSHINE,WIND_GUST_DIR,WIND_GUST_SPEED,RAINFALL_TOMORROW) values (to_date('15.01.2017','DD.MM.RRRR'),'GoldCoast',26.8,null,null,'S',48,5.4);
Insert into WEATHER_DAILY (WEATHER_DATE,LOCATION_CODE,RAINFALL,EVAPORATION,SUNSHINE,WIND_GUST_DIR,WIND_GUST_SPEED,RAINFALL_TOMORROW) values (to_date('27.01.2017','DD.MM.RRRR'),'GoldCoast',17.2,null,null,'ESE',31,6);
Insert into WEATHER_DAILY (WEATHER_DATE,LOCATION_CODE,RAINFALL,EVAPORATION,SUNSHINE,WIND_GUST_DIR,WIND_GUST_SPEED,RAINFALL_TOMORROW) values (to_date('04.03.2017','DD.MM.RRRR'),'GoldCoast',20,null,null,'ESE',26,1.6);
Insert into WEATHER_DAILY (WEATHER_DATE,LOCATION_CODE,RAINFALL,EVAPORATION,SUNSHINE,WIND_GUST_DIR,WIND_GUST_SPEED,RAINFALL_TOMORROW) values (to_date('15.03.2017','DD.MM.RRRR'),'GoldCoast',33.8,null,null,'ESE',46,8.4);
Insert into WEATHER_DAILY (WEATHER_DATE,LOCATION_CODE,RAINFALL,EVAPORATION,SUNSHINE,WIND_GUST_DIR,WIND_GUST_SPEED,RAINFALL_TOMORROW) values (to_date('19.03.2017','DD.MM.RRRR'),'GoldCoast',74.8,null,null,'ENE',48,20.2);
Insert into WEATHER_DAILY (WEATHER_DATE,LOCATION_CODE,RAINFALL,EVAPORATION,SUNSHINE,WIND_GUST_DIR,WIND_GUST_SPEED,RAINFALL_TOMORROW) values (to_date('20.03.2017','DD.MM.RRRR'),'GoldCoast',20.2,null,null,'NE',48,10.4);
Insert into WEATHER_DAILY (WEATHER_DATE,LOCATION_CODE,RAINFALL,EVAPORATION,SUNSHINE,WIND_GUST_DIR,WIND_GUST_SPEED,RAINFALL_TOMORROW) values (to_date('21.03.2017','DD.MM.RRRR'),'GoldCoast',10.4,null,null,'ENE',37,0);
Insert into WEATHER_DAILY (WEATHER_DATE,LOCATION_CODE,RAINFALL,EVAPORATION,SUNSHINE,WIND_GUST_DIR,WIND_GUST_SPEED,RAINFALL_TOMORROW) values (to_date('30.03.2017','DD.MM.RRRR'),'GoldCoast',105,null,null,'ENE',76,98);
Insert into WEATHER_DAILY (WEATHER_DATE,LOCATION_CODE,RAINFALL,EVAPORATION,SUNSHINE,WIND_GUST_DIR,WIND_GUST_SPEED,RAINFALL_TOMORROW) values (to_date('31.03.2017','DD.MM.RRRR'),'GoldCoast',98,null,null,'S',81,0);
Insert into WEATHER_DAILY (WEATHER_DATE,LOCATION_CODE,RAINFALL,EVAPORATION,SUNSHINE,WIND_GUST_DIR,WIND_GUST_SPEED,RAINFALL_TOMORROW) values (to_date('03.01.2017','DD.MM.RRRR'),'Cairns',15.2,null,null,'N',31,13.4);
Insert into WEATHER_DAILY (WEATHER_DATE,LOCATION_CODE,RAINFALL,EVAPORATION,SUNSHINE,WIND_GUST_DIR,WIND_GUST_SPEED,RAINFALL_TOMORROW) values (to_date('04.01.2017','DD.MM.RRRR'),'Cairns',13.4,null,null,'NNE',35,29.6);
Insert into WEATHER_DAILY (WEATHER_DATE,LOCATION_CODE,RAINFALL,EVAPORATION,SUNSHINE,WIND_GUST_DIR,WIND_GUST_SPEED,RAINFALL_TOMORROW) values (to_date('05.01.2017','DD.MM.RRRR'),'Cairns',29.6,null,null,'W',35,54);
Insert into WEATHER_DAILY (WEATHER_DATE,LOCATION_CODE,RAINFALL,EVAPORATION,SUNSHINE,WIND_GUST_DIR,WIND_GUST_SPEED,RAINFALL_TOMORROW) values (to_date('06.01.2017','DD.MM.RRRR'),'Cairns',54,null,null,'NW',39,23);
Insert into WEATHER_DAILY (WEATHER_DATE,LOCATION_CODE,RAINFALL,EVAPORATION,SUNSHINE,WIND_GUST_DIR,WIND_GUST_SPEED,RAINFALL_TOMORROW) values (to_date('07.01.2017','DD.MM.RRRR'),'Cairns',23,null,null,'N',33,44.4);
Insert into WEATHER_DAILY (WEATHER_DATE,LOCATION_CODE,RAINFALL,EVAPORATION,SUNSHINE,WIND_GUST_DIR,WIND_GUST_SPEED,RAINFALL_TOMORROW) values (to_date('08.01.2017','DD.MM.RRRR'),'Cairns',44.4,null,null,'ENE',31,0);
Insert into WEATHER_DAILY (WEATHER_DATE,LOCATION_CODE,RAINFALL,EVAPORATION,SUNSHINE,WIND_GUST_DIR,WIND_GUST_SPEED,RAINFALL_TOMORROW) values (to_date('11.01.2017','DD.MM.RRRR'),'Cairns',77.8,null,null,'E',31,32);
Insert into WEATHER_DAILY (WEATHER_DATE,LOCATION_CODE,RAINFALL,EVAPORATION,SUNSHINE,WIND_GUST_DIR,WIND_GUST_SPEED,RAINFALL_TOMORROW) values (to_date('12.01.2017','DD.MM.RRRR'),'Cairns',32,null,null,'S',31,0.2);
Insert into WEATHER_DAILY (WEATHER_DATE,LOCATION_CODE,RAINFALL,EVAPORATION,SUNSHINE,WIND_GUST_DIR,WIND_GUST_SPEED,RAINFALL_TOMORROW) values (to_date('17.01.2017','DD.MM.RRRR'),'Cairns',17.4,null,null,'ESE',33,39.2);
Insert into WEATHER_DAILY (WEATHER_DATE,LOCATION_CODE,RAINFALL,EVAPORATION,SUNSHINE,WIND_GUST_DIR,WIND_GUST_SPEED,RAINFALL_TOMORROW) values (to_date('18.01.2017','DD.MM.RRRR'),'Cairns',39.2,null,null,'SSW',35,1.6);
Insert into WEATHER_DAILY (WEATHER_DATE,LOCATION_CODE,RAINFALL,EVAPORATION,SUNSHINE,WIND_GUST_DIR,WIND_GUST_SPEED,RAINFALL_TOMORROW) values (to_date('01.02.2017','DD.MM.RRRR'),'Cairns',17.8,null,null,'ENE',50,42.4);
Insert into WEATHER_DAILY (WEATHER_DATE,LOCATION_CODE,RAINFALL,EVAPORATION,SUNSHINE,WIND_GUST_DIR,WIND_GUST_SPEED,RAINFALL_TOMORROW) values (to_date('02.02.2017','DD.MM.RRRR'),'Cairns',42.4,null,null,'NA',null,61.6);
Insert into WEATHER_DAILY (WEATHER_DATE,LOCATION_CODE,RAINFALL,EVAPORATION,SUNSHINE,WIND_GUST_DIR,WIND_GUST_SPEED,RAINFALL_TOMORROW) values (to_date('03.02.2017','DD.MM.RRRR'),'Cairns',61.6,null,null,'SE',50,55.8);
Insert into WEATHER_DAILY (WEATHER_DATE,LOCATION_CODE,RAINFALL,EVAPORATION,SUNSHINE,WIND_GUST_DIR,WIND_GUST_SPEED,RAINFALL_TOMORROW) values (to_date('04.02.2017','DD.MM.RRRR'),'Cairns',55.8,null,null,'SE',48,102);
Insert into WEATHER_DAILY (WEATHER_DATE,LOCATION_CODE,RAINFALL,EVAPORATION,SUNSHINE,WIND_GUST_DIR,WIND_GUST_SPEED,RAINFALL_TOMORROW) values (to_date('05.02.2017','DD.MM.RRRR'),'Cairns',102,null,null,'E',41,48.2);
Insert into WEATHER_DAILY (WEATHER_DATE,LOCATION_CODE,RAINFALL,EVAPORATION,SUNSHINE,WIND_GUST_DIR,WIND_GUST_SPEED,RAINFALL_TOMORROW) values (to_date('06.02.2017','DD.MM.RRRR'),'Cairns',48.2,null,null,'SE',48,0);
Insert into WEATHER_DAILY (WEATHER_DATE,LOCATION_CODE,RAINFALL,EVAPORATION,SUNSHINE,WIND_GUST_DIR,WIND_GUST_SPEED,RAINFALL_TOMORROW) values (to_date('08.02.2017','DD.MM.RRRR'),'Cairns',10.4,null,null,'SE',46,6);
Insert into WEATHER_DAILY (WEATHER_DATE,LOCATION_CODE,RAINFALL,EVAPORATION,SUNSHINE,WIND_GUST_DIR,WIND_GUST_SPEED,RAINFALL_TOMORROW) values (to_date('10.02.2017','DD.MM.RRRR'),'Cairns',12.6,null,null,'ESE',43,0.2);
Insert into WEATHER_DAILY (WEATHER_DATE,LOCATION_CODE,RAINFALL,EVAPORATION,SUNSHINE,WIND_GUST_DIR,WIND_GUST_SPEED,RAINFALL_TOMORROW) values (to_date('17.02.2017','DD.MM.RRRR'),'Cairns',17.8,null,null,'SE',37,0);
Insert into WEATHER_DAILY (WEATHER_DATE,LOCATION_CODE,RAINFALL,EVAPORATION,SUNSHINE,WIND_GUST_DIR,WIND_GUST_SPEED,RAINFALL_TOMORROW) values (to_date('22.02.2017','DD.MM.RRRR'),'Cairns',24.4,null,null,'ESE',31,3.8);
Insert into WEATHER_DAILY (WEATHER_DATE,LOCATION_CODE,RAINFALL,EVAPORATION,SUNSHINE,WIND_GUST_DIR,WIND_GUST_SPEED,RAINFALL_TOMORROW) values (to_date('24.02.2017','DD.MM.RRRR'),'Cairns',12,null,null,'S',39,46.2);
Insert into WEATHER_DAILY (WEATHER_DATE,LOCATION_CODE,RAINFALL,EVAPORATION,SUNSHINE,WIND_GUST_DIR,WIND_GUST_SPEED,RAINFALL_TOMORROW) values (to_date('25.02.2017','DD.MM.RRRR'),'Cairns',46.2,null,null,'S',39,18.4);
Insert into WEATHER_DAILY (WEATHER_DATE,LOCATION_CODE,RAINFALL,EVAPORATION,SUNSHINE,WIND_GUST_DIR,WIND_GUST_SPEED,RAINFALL_TOMORROW) values (to_date('26.02.2017','DD.MM.RRRR'),'Cairns',18.4,null,null,'SE',46,3.8);
Insert into WEATHER_DAILY (WEATHER_DATE,LOCATION_CODE,RAINFALL,EVAPORATION,SUNSHINE,WIND_GUST_DIR,WIND_GUST_SPEED,RAINFALL_TOMORROW) values (to_date('02.03.2017','DD.MM.RRRR'),'Cairns',11.4,null,null,'S',39,14.2);
Insert into WEATHER_DAILY (WEATHER_DATE,LOCATION_CODE,RAINFALL,EVAPORATION,SUNSHINE,WIND_GUST_DIR,WIND_GUST_SPEED,RAINFALL_TOMORROW) values (to_date('03.03.2017','DD.MM.RRRR'),'Cairns',14.2,null,null,'S',31,3.8);
Insert into WEATHER_DAILY (WEATHER_DATE,LOCATION_CODE,RAINFALL,EVAPORATION,SUNSHINE,WIND_GUST_DIR,WIND_GUST_SPEED,RAINFALL_TOMORROW) values (to_date('18.03.2017','DD.MM.RRRR'),'Cairns',10.2,null,null,'NNW',24,17);
Insert into WEATHER_DAILY (WEATHER_DATE,LOCATION_CODE,RAINFALL,EVAPORATION,SUNSHINE,WIND_GUST_DIR,WIND_GUST_SPEED,RAINFALL_TOMORROW) values (to_date('19.03.2017','DD.MM.RRRR'),'Cairns',17,null,null,'NNE',50,23.8);
Insert into WEATHER_DAILY (WEATHER_DATE,LOCATION_CODE,RAINFALL,EVAPORATION,SUNSHINE,WIND_GUST_DIR,WIND_GUST_SPEED,RAINFALL_TOMORROW) values (to_date('20.03.2017','DD.MM.RRRR'),'Cairns',23.8,null,null,'NE',31,0.2);
Insert into WEATHER_DAILY (WEATHER_DATE,LOCATION_CODE,RAINFALL,EVAPORATION,SUNSHINE,WIND_GUST_DIR,WIND_GUST_SPEED,RAINFALL_TOMORROW) values (to_date('22.04.2017','DD.MM.RRRR'),'GoldCoast',16.8,null,null,'SE',46,0.2);
Insert into WEATHER_DAILY (WEATHER_DATE,LOCATION_CODE,RAINFALL,EVAPORATION,SUNSHINE,WIND_GUST_DIR,WIND_GUST_SPEED,RAINFALL_TOMORROW) values (to_date('20.05.2017','DD.MM.RRRR'),'GoldCoast',51.8,null,null,'SSW',20,0);
Insert into WEATHER_DAILY (WEATHER_DATE,LOCATION_CODE,RAINFALL,EVAPORATION,SUNSHINE,WIND_GUST_DIR,WIND_GUST_SPEED,RAINFALL_TOMORROW) values (to_date('11.06.2017','DD.MM.RRRR'),'GoldCoast',21.6,null,null,'ESE',50,52);
Insert into WEATHER_DAILY (WEATHER_DATE,LOCATION_CODE,RAINFALL,EVAPORATION,SUNSHINE,WIND_GUST_DIR,WIND_GUST_SPEED,RAINFALL_TOMORROW) values (to_date('12.06.2017','DD.MM.RRRR'),'GoldCoast',52,null,null,'SE',67,15.2);
Insert into WEATHER_DAILY (WEATHER_DATE,LOCATION_CODE,RAINFALL,EVAPORATION,SUNSHINE,WIND_GUST_DIR,WIND_GUST_SPEED,RAINFALL_TOMORROW) values (to_date('13.06.2017','DD.MM.RRRR'),'GoldCoast',15.2,null,null,'SE',87,17.8);
Insert into WEATHER_DAILY (WEATHER_DATE,LOCATION_CODE,RAINFALL,EVAPORATION,SUNSHINE,WIND_GUST_DIR,WIND_GUST_SPEED,RAINFALL_TOMORROW) values (to_date('14.06.2017','DD.MM.RRRR'),'GoldCoast',17.8,null,null,'SE',72,15.6);
Insert into WEATHER_DAILY (WEATHER_DATE,LOCATION_CODE,RAINFALL,EVAPORATION,SUNSHINE,WIND_GUST_DIR,WIND_GUST_SPEED,RAINFALL_TOMORROW) values (to_date('15.06.2017','DD.MM.RRRR'),'GoldCoast',15.6,null,null,'SSE',50,0);
Insert into WEATHER_DAILY (WEATHER_DATE,LOCATION_CODE,RAINFALL,EVAPORATION,SUNSHINE,WIND_GUST_DIR,WIND_GUST_SPEED,RAINFALL_TOMORROW) values (to_date('25.03.2017','DD.MM.RRRR'),'Cairns',16.8,null,null,'SE',41,0);
Insert into WEATHER_DAILY (WEATHER_DATE,LOCATION_CODE,RAINFALL,EVAPORATION,SUNSHINE,WIND_GUST_DIR,WIND_GUST_SPEED,RAINFALL_TOMORROW) values (to_date('04.04.2017','DD.MM.RRRR'),'Cairns',29.8,null,null,'SE',41,64.6);
Insert into WEATHER_DAILY (WEATHER_DATE,LOCATION_CODE,RAINFALL,EVAPORATION,SUNSHINE,WIND_GUST_DIR,WIND_GUST_SPEED,RAINFALL_TOMORROW) values (to_date('05.04.2017','DD.MM.RRRR'),'Cairns',64.6,null,null,'SSW',48,14.8);
Insert into WEATHER_DAILY (WEATHER_DATE,LOCATION_CODE,RAINFALL,EVAPORATION,SUNSHINE,WIND_GUST_DIR,WIND_GUST_SPEED,RAINFALL_TOMORROW) values (to_date('06.04.2017','DD.MM.RRRR'),'Cairns',14.8,null,null,'SE',54,19.2);
Insert into WEATHER_DAILY (WEATHER_DATE,LOCATION_CODE,RAINFALL,EVAPORATION,SUNSHINE,WIND_GUST_DIR,WIND_GUST_SPEED,RAINFALL_TOMORROW) values (to_date('07.04.2017','DD.MM.RRRR'),'Cairns',19.2,null,null,'SE',48,7.4);
Insert into WEATHER_DAILY (WEATHER_DATE,LOCATION_CODE,RAINFALL,EVAPORATION,SUNSHINE,WIND_GUST_DIR,WIND_GUST_SPEED,RAINFALL_TOMORROW) values (to_date('22.04.2017','DD.MM.RRRR'),'Cairns',10.2,null,null,'SE',52,1);
Insert into WEATHER_DAILY (WEATHER_DATE,LOCATION_CODE,RAINFALL,EVAPORATION,SUNSHINE,WIND_GUST_DIR,WIND_GUST_SPEED,RAINFALL_TOMORROW) values (to_date('05.05.2017','DD.MM.RRRR'),'Cairns',24.4,null,null,'SE',56,2.6);
Insert into WEATHER_DAILY (WEATHER_DATE,LOCATION_CODE,RAINFALL,EVAPORATION,SUNSHINE,WIND_GUST_DIR,WIND_GUST_SPEED,RAINFALL_TOMORROW) values (to_date('06.01.2017','DD.MM.RRRR'),'Townsville',34.8,7.6,null,'ESE',56,36.2);
Insert into WEATHER_DAILY (WEATHER_DATE,LOCATION_CODE,RAINFALL,EVAPORATION,SUNSHINE,WIND_GUST_DIR,WIND_GUST_SPEED,RAINFALL_TOMORROW) values (to_date('07.01.2017','DD.MM.RRRR'),'Townsville',36.2,4.6,null,'ESE',39,0);
Insert into WEATHER_DAILY (WEATHER_DATE,LOCATION_CODE,RAINFALL,EVAPORATION,SUNSHINE,WIND_GUST_DIR,WIND_GUST_SPEED,RAINFALL_TOMORROW) values (to_date('12.01.2017','DD.MM.RRRR'),'Townsville',18.8,9,null,'NNE',37,0.4);
Insert into WEATHER_DAILY (WEATHER_DATE,LOCATION_CODE,RAINFALL,EVAPORATION,SUNSHINE,WIND_GUST_DIR,WIND_GUST_SPEED,RAINFALL_TOMORROW) values (to_date('16.01.2017','DD.MM.RRRR'),'Townsville',32.4,4,null,'NNW',39,4.4);
Insert into WEATHER_DAILY (WEATHER_DATE,LOCATION_CODE,RAINFALL,EVAPORATION,SUNSHINE,WIND_GUST_DIR,WIND_GUST_SPEED,RAINFALL_TOMORROW) values (to_date('24.01.2017','DD.MM.RRRR'),'Townsville',19,7.4,null,'SE',35,0);
Insert into WEATHER_DAILY (WEATHER_DATE,LOCATION_CODE,RAINFALL,EVAPORATION,SUNSHINE,WIND_GUST_DIR,WIND_GUST_SPEED,RAINFALL_TOMORROW) values (to_date('01.02.2017','DD.MM.RRRR'),'Townsville',54.2,null,null,'ENE',39,0.2);
Insert into WEATHER_DAILY (WEATHER_DATE,LOCATION_CODE,RAINFALL,EVAPORATION,SUNSHINE,WIND_GUST_DIR,WIND_GUST_SPEED,RAINFALL_TOMORROW) values (to_date('16.02.2017','DD.MM.RRRR'),'Townsville',38,11.6,null,'E',61,13.6);
Insert into WEATHER_DAILY (WEATHER_DATE,LOCATION_CODE,RAINFALL,EVAPORATION,SUNSHINE,WIND_GUST_DIR,WIND_GUST_SPEED,RAINFALL_TOMORROW) values (to_date('17.02.2017','DD.MM.RRRR'),'Townsville',13.6,2.2,null,'E',31,0);
Insert into WEATHER_DAILY (WEATHER_DATE,LOCATION_CODE,RAINFALL,EVAPORATION,SUNSHINE,WIND_GUST_DIR,WIND_GUST_SPEED,RAINFALL_TOMORROW) values (to_date('23.02.2017','DD.MM.RRRR'),'Townsville',20,8.2,null,'ESE',41,0.6);
Insert into WEATHER_DAILY (WEATHER_DATE,LOCATION_CODE,RAINFALL,EVAPORATION,SUNSHINE,WIND_GUST_DIR,WIND_GUST_SPEED,RAINFALL_TOMORROW) values (to_date('09.03.2017','DD.MM.RRRR'),'Townsville',10.4,6.6,null,'E',39,14.4);
Insert into WEATHER_DAILY (WEATHER_DATE,LOCATION_CODE,RAINFALL,EVAPORATION,SUNSHINE,WIND_GUST_DIR,WIND_GUST_SPEED,RAINFALL_TOMORROW) values (to_date('10.03.2017','DD.MM.RRRR'),'Townsville',14.4,3.6,null,'ENE',30,0);
Insert into WEATHER_DAILY (WEATHER_DATE,LOCATION_CODE,RAINFALL,EVAPORATION,SUNSHINE,WIND_GUST_DIR,WIND_GUST_SPEED,RAINFALL_TOMORROW) values (to_date('19.03.2017','DD.MM.RRRR'),'Townsville',10.4,5.4,null,'ENE',39,37);
Insert into WEATHER_DAILY (WEATHER_DATE,LOCATION_CODE,RAINFALL,EVAPORATION,SUNSHINE,WIND_GUST_DIR,WIND_GUST_SPEED,RAINFALL_TOMORROW) values (to_date('20.03.2017','DD.MM.RRRR'),'Townsville',37,7,null,'ENE',31,3.2);
Insert into WEATHER_DAILY (WEATHER_DATE,LOCATION_CODE,RAINFALL,EVAPORATION,SUNSHINE,WIND_GUST_DIR,WIND_GUST_SPEED,RAINFALL_TOMORROW) values (to_date('23.03.2017','DD.MM.RRRR'),'Townsville',33,7.8,null,'E',54,36.2);
Insert into WEATHER_DAILY (WEATHER_DATE,LOCATION_CODE,RAINFALL,EVAPORATION,SUNSHINE,WIND_GUST_DIR,WIND_GUST_SPEED,RAINFALL_TOMORROW) values (to_date('24.03.2017','DD.MM.RRRR'),'Townsville',36.2,5.6,null,'ESE',31,0.6);
Insert into WEATHER_DAILY (WEATHER_DATE,LOCATION_CODE,RAINFALL,EVAPORATION,SUNSHINE,WIND_GUST_DIR,WIND_GUST_SPEED,RAINFALL_TOMORROW) values (to_date('14.04.2017','DD.MM.RRRR'),'Townsville',13.2,8.6,null,'ENE',44,0);
Insert into WEATHER_DAILY (WEATHER_DATE,LOCATION_CODE,RAINFALL,EVAPORATION,SUNSHINE,WIND_GUST_DIR,WIND_GUST_SPEED,RAINFALL_TOMORROW) values (to_date('18.05.2017','DD.MM.RRRR'),'Townsville',39.8,5.2,null,'SSW',50,120.8);
Insert into WEATHER_DAILY (WEATHER_DATE,LOCATION_CODE,RAINFALL,EVAPORATION,SUNSHINE,WIND_GUST_DIR,WIND_GUST_SPEED,RAINFALL_TOMORROW) values (to_date('19.05.2017','DD.MM.RRRR'),'Townsville',120.8,null,null,'E',59,1.8);
Insert into WEATHER_DAILY (WEATHER_DATE,LOCATION_CODE,RAINFALL,EVAPORATION,SUNSHINE,WIND_GUST_DIR,WIND_GUST_SPEED,RAINFALL_TOMORROW) values (to_date('01.01.2017','DD.MM.RRRR'),'Darwin',16.8,4.8,6.3,'SSW',63,109.8);
Insert into WEATHER_DAILY (WEATHER_DATE,LOCATION_CODE,RAINFALL,EVAPORATION,SUNSHINE,WIND_GUST_DIR,WIND_GUST_SPEED,RAINFALL_TOMORROW) values (to_date('02.01.2017','DD.MM.RRRR'),'Darwin',109.8,null,2,'WSW',46,20.8);
Insert into WEATHER_DAILY (WEATHER_DATE,LOCATION_CODE,RAINFALL,EVAPORATION,SUNSHINE,WIND_GUST_DIR,WIND_GUST_SPEED,RAINFALL_TOMORROW) values (to_date('03.01.2017','DD.MM.RRRR'),'Darwin',20.8,4.6,0,'NW',48,24);
Insert into WEATHER_DAILY (WEATHER_DATE,LOCATION_CODE,RAINFALL,EVAPORATION,SUNSHINE,WIND_GUST_DIR,WIND_GUST_SPEED,RAINFALL_TOMORROW) values (to_date('04.01.2017','DD.MM.RRRR'),'Darwin',24,6.6,9.4,'NW',50,5.4);
Insert into WEATHER_DAILY (WEATHER_DATE,LOCATION_CODE,RAINFALL,EVAPORATION,SUNSHINE,WIND_GUST_DIR,WIND_GUST_SPEED,RAINFALL_TOMORROW) values (to_date('06.01.2017','DD.MM.RRRR'),'Darwin',15.2,3.4,8.7,'WNW',33,0);
Insert into WEATHER_DAILY (WEATHER_DATE,LOCATION_CODE,RAINFALL,EVAPORATION,SUNSHINE,WIND_GUST_DIR,WIND_GUST_SPEED,RAINFALL_TOMORROW) values (to_date('20.01.2017','DD.MM.RRRR'),'Darwin',25.6,6.8,0.1,'WSW',41,23);
Insert into WEATHER_DAILY (WEATHER_DATE,LOCATION_CODE,RAINFALL,EVAPORATION,SUNSHINE,WIND_GUST_DIR,WIND_GUST_SPEED,RAINFALL_TOMORROW) values (to_date('21.01.2017','DD.MM.RRRR'),'Darwin',23,3.4,3.3,'SW',39,4);
Insert into WEATHER_DAILY (WEATHER_DATE,LOCATION_CODE,RAINFALL,EVAPORATION,SUNSHINE,WIND_GUST_DIR,WIND_GUST_SPEED,RAINFALL_TOMORROW) values (to_date('23.01.2017','DD.MM.RRRR'),'Darwin',15.2,6.8,0.4,'W',48,145.6);
Insert into WEATHER_DAILY (WEATHER_DATE,LOCATION_CODE,RAINFALL,EVAPORATION,SUNSHINE,WIND_GUST_DIR,WIND_GUST_SPEED,RAINFALL_TOMORROW) values (to_date('24.01.2017','DD.MM.RRRR'),'Darwin',145.6,null,0,'W',52,8.2);
Insert into WEATHER_DAILY (WEATHER_DATE,LOCATION_CODE,RAINFALL,EVAPORATION,SUNSHINE,WIND_GUST_DIR,WIND_GUST_SPEED,RAINFALL_TOMORROW) values (to_date('26.01.2017','DD.MM.RRRR'),'Darwin',16.4,4.2,7.3,'N',30,0);
Insert into WEATHER_DAILY (WEATHER_DATE,LOCATION_CODE,RAINFALL,EVAPORATION,SUNSHINE,WIND_GUST_DIR,WIND_GUST_SPEED,RAINFALL_TOMORROW) values (to_date('28.01.2017','DD.MM.RRRR'),'Darwin',10.2,5.4,11.9,'ESE',61,7.6);
Insert into WEATHER_DAILY (WEATHER_DATE,LOCATION_CODE,RAINFALL,EVAPORATION,SUNSHINE,WIND_GUST_DIR,WIND_GUST_SPEED,RAINFALL_TOMORROW) values (to_date('30.01.2017','DD.MM.RRRR'),'Darwin',13.2,3,3.3,'WNW',26,1.4);
Insert into WEATHER_DAILY (WEATHER_DATE,LOCATION_CODE,RAINFALL,EVAPORATION,SUNSHINE,WIND_GUST_DIR,WIND_GUST_SPEED,RAINFALL_TOMORROW) values (to_date('01.02.2017','DD.MM.RRRR'),'Darwin',10.8,6.6,6.1,'NNE',35,9);
Insert into WEATHER_DAILY (WEATHER_DATE,LOCATION_CODE,RAINFALL,EVAPORATION,SUNSHINE,WIND_GUST_DIR,WIND_GUST_SPEED,RAINFALL_TOMORROW) values (to_date('05.02.2017','DD.MM.RRRR'),'Darwin',210.6,null,0,'WNW',67,59.6);
Insert into WEATHER_DAILY (WEATHER_DATE,LOCATION_CODE,RAINFALL,EVAPORATION,SUNSHINE,WIND_GUST_DIR,WIND_GUST_SPEED,RAINFALL_TOMORROW) values (to_date('06.02.2017','DD.MM.RRRR'),'Darwin',59.6,null,0,'WNW',52,6.4);
Insert into WEATHER_DAILY (WEATHER_DATE,LOCATION_CODE,RAINFALL,EVAPORATION,SUNSHINE,WIND_GUST_DIR,WIND_GUST_SPEED,RAINFALL_TOMORROW) values (to_date('09.02.2017','DD.MM.RRRR'),'Darwin',59.6,null,0.5,'WNW',50,72.8);
Insert into WEATHER_DAILY (WEATHER_DATE,LOCATION_CODE,RAINFALL,EVAPORATION,SUNSHINE,WIND_GUST_DIR,WIND_GUST_SPEED,RAINFALL_TOMORROW) values (to_date('10.02.2017','DD.MM.RRRR'),'Darwin',72.8,null,0.2,'WSW',33,7.2);
Insert into WEATHER_DAILY (WEATHER_DATE,LOCATION_CODE,RAINFALL,EVAPORATION,SUNSHINE,WIND_GUST_DIR,WIND_GUST_SPEED,RAINFALL_TOMORROW) values (to_date('12.02.2017','DD.MM.RRRR'),'Darwin',58.4,null,1.1,'W',41,14.6);
Insert into WEATHER_DAILY (WEATHER_DATE,LOCATION_CODE,RAINFALL,EVAPORATION,SUNSHINE,WIND_GUST_DIR,WIND_GUST_SPEED,RAINFALL_TOMORROW) values (to_date('13.02.2017','DD.MM.RRRR'),'Darwin',14.6,1.8,2.8,'WNW',61,5.8);
Insert into WEATHER_DAILY (WEATHER_DATE,LOCATION_CODE,RAINFALL,EVAPORATION,SUNSHINE,WIND_GUST_DIR,WIND_GUST_SPEED,RAINFALL_TOMORROW) values (to_date('20.02.2017','DD.MM.RRRR'),'Darwin',11.8,6,8.5,'SE',39,0);
Insert into WEATHER_DAILY (WEATHER_DATE,LOCATION_CODE,RAINFALL,EVAPORATION,SUNSHINE,WIND_GUST_DIR,WIND_GUST_SPEED,RAINFALL_TOMORROW) values (to_date('26.02.2017','DD.MM.RRRR'),'Darwin',15.4,4.8,9.2,'ESE',41,49.2);
Insert into WEATHER_DAILY (WEATHER_DATE,LOCATION_CODE,RAINFALL,EVAPORATION,SUNSHINE,WIND_GUST_DIR,WIND_GUST_SPEED,RAINFALL_TOMORROW) values (to_date('27.02.2017','DD.MM.RRRR'),'Darwin',49.2,null,10.8,'ENE',33,21.4);
Insert into WEATHER_DAILY (WEATHER_DATE,LOCATION_CODE,RAINFALL,EVAPORATION,SUNSHINE,WIND_GUST_DIR,WIND_GUST_SPEED,RAINFALL_TOMORROW) values (to_date('28.02.2017','DD.MM.RRRR'),'Darwin',21.4,4.4,10.8,'ENE',44,0);
Insert into WEATHER_DAILY (WEATHER_DATE,LOCATION_CODE,RAINFALL,EVAPORATION,SUNSHINE,WIND_GUST_DIR,WIND_GUST_SPEED,RAINFALL_TOMORROW) values (to_date('04.03.2017','DD.MM.RRRR'),'Darwin',31.2,10.6,2.3,'E',56,55);
Insert into WEATHER_DAILY (WEATHER_DATE,LOCATION_CODE,RAINFALL,EVAPORATION,SUNSHINE,WIND_GUST_DIR,WIND_GUST_SPEED,RAINFALL_TOMORROW) values (to_date('05.03.2017','DD.MM.RRRR'),'Darwin',55,null,0,'ESE',59,32.2);
Insert into WEATHER_DAILY (WEATHER_DATE,LOCATION_CODE,RAINFALL,EVAPORATION,SUNSHINE,WIND_GUST_DIR,WIND_GUST_SPEED,RAINFALL_TOMORROW) values (to_date('06.03.2017','DD.MM.RRRR'),'Darwin',32.2,1.4,0.4,'N',46,34.8);
Insert into WEATHER_DAILY (WEATHER_DATE,LOCATION_CODE,RAINFALL,EVAPORATION,SUNSHINE,WIND_GUST_DIR,WIND_GUST_SPEED,RAINFALL_TOMORROW) values (to_date('07.03.2017','DD.MM.RRRR'),'Darwin',34.8,8,8,'NNW',37,0);
Insert into WEATHER_DAILY (WEATHER_DATE,LOCATION_CODE,RAINFALL,EVAPORATION,SUNSHINE,WIND_GUST_DIR,WIND_GUST_SPEED,RAINFALL_TOMORROW) values (to_date('09.03.2017','DD.MM.RRRR'),'Darwin',32.6,4.8,4.1,'ESE',33,8.4);
Insert into WEATHER_DAILY (WEATHER_DATE,LOCATION_CODE,RAINFALL,EVAPORATION,SUNSHINE,WIND_GUST_DIR,WIND_GUST_SPEED,RAINFALL_TOMORROW) values (to_date('14.03.2017','DD.MM.RRRR'),'Darwin',11.2,3.6,9.3,'SSE',31,3.8);
Insert into WEATHER_DAILY (WEATHER_DATE,LOCATION_CODE,RAINFALL,EVAPORATION,SUNSHINE,WIND_GUST_DIR,WIND_GUST_SPEED,RAINFALL_TOMORROW) values (to_date('17.03.2017','DD.MM.RRRR'),'Darwin',18.4,8,6.8,'SE',56,13.6);
Insert into WEATHER_DAILY (WEATHER_DATE,LOCATION_CODE,RAINFALL,EVAPORATION,SUNSHINE,WIND_GUST_DIR,WIND_GUST_SPEED,RAINFALL_TOMORROW) values (to_date('18.03.2017','DD.MM.RRRR'),'Darwin',13.6,4.8,7.8,'NNE',33,33);
Insert into WEATHER_DAILY (WEATHER_DATE,LOCATION_CODE,RAINFALL,EVAPORATION,SUNSHINE,WIND_GUST_DIR,WIND_GUST_SPEED,RAINFALL_TOMORROW) values (to_date('19.03.2017','DD.MM.RRRR'),'Darwin',33,7.8,8.7,'WNW',31,22);
Insert into WEATHER_DAILY (WEATHER_DATE,LOCATION_CODE,RAINFALL,EVAPORATION,SUNSHINE,WIND_GUST_DIR,WIND_GUST_SPEED,RAINFALL_TOMORROW) values (to_date('20.03.2017','DD.MM.RRRR'),'Darwin',22,9.4,0.4,'SE',31,33.8);
Insert into WEATHER_DAILY (WEATHER_DATE,LOCATION_CODE,RAINFALL,EVAPORATION,SUNSHINE,WIND_GUST_DIR,WIND_GUST_SPEED,RAINFALL_TOMORROW) values (to_date('21.03.2017','DD.MM.RRRR'),'Darwin',33.8,3.4,5.6,'NW',31,6.8);
Insert into WEATHER_DAILY (WEATHER_DATE,LOCATION_CODE,RAINFALL,EVAPORATION,SUNSHINE,WIND_GUST_DIR,WIND_GUST_SPEED,RAINFALL_TOMORROW) values (to_date('23.03.2017','DD.MM.RRRR'),'Darwin',20,4,4.8,'SE',28,18);
Insert into WEATHER_DAILY (WEATHER_DATE,LOCATION_CODE,RAINFALL,EVAPORATION,SUNSHINE,WIND_GUST_DIR,WIND_GUST_SPEED,RAINFALL_TOMORROW) values (to_date('24.03.2017','DD.MM.RRRR'),'Darwin',18,3.2,5.8,'NNE',31,17);
Insert into WEATHER_DAILY (WEATHER_DATE,LOCATION_CODE,RAINFALL,EVAPORATION,SUNSHINE,WIND_GUST_DIR,WIND_GUST_SPEED,RAINFALL_TOMORROW) values (to_date('25.03.2017','DD.MM.RRRR'),'Darwin',17,5.8,0.8,'E',31,18.2);
Insert into WEATHER_DAILY (WEATHER_DATE,LOCATION_CODE,RAINFALL,EVAPORATION,SUNSHINE,WIND_GUST_DIR,WIND_GUST_SPEED,RAINFALL_TOMORROW) values (to_date('26.03.2017','DD.MM.RRRR'),'Darwin',18.2,3,8.5,'NW',30,0.4);
Insert into WEATHER_DAILY (WEATHER_DATE,LOCATION_CODE,RAINFALL,EVAPORATION,SUNSHINE,WIND_GUST_DIR,WIND_GUST_SPEED,RAINFALL_TOMORROW) values (to_date('30.03.2017','DD.MM.RRRR'),'Darwin',25.4,9.4,8.4,'SE',39,9.4);
Insert into WEATHER_DAILY (WEATHER_DATE,LOCATION_CODE,RAINFALL,EVAPORATION,SUNSHINE,WIND_GUST_DIR,WIND_GUST_SPEED,RAINFALL_TOMORROW) values (to_date('01.04.2017','DD.MM.RRRR'),'Darwin',26.2,3.6,8.7,'E',37,0);
Insert into WEATHER_DAILY (WEATHER_DATE,LOCATION_CODE,RAINFALL,EVAPORATION,SUNSHINE,WIND_GUST_DIR,WIND_GUST_SPEED,RAINFALL_TOMORROW) values (to_date('06.04.2017','DD.MM.RRRR'),'Darwin',24.6,6.6,8.5,'E',46,27.6);
Insert into WEATHER_DAILY (WEATHER_DATE,LOCATION_CODE,RAINFALL,EVAPORATION,SUNSHINE,WIND_GUST_DIR,WIND_GUST_SPEED,RAINFALL_TOMORROW) values (to_date('07.04.2017','DD.MM.RRRR'),'Darwin',27.6,7.6,7.2,'ENE',56,0);
Insert into WEATHER_DAILY (WEATHER_DATE,LOCATION_CODE,RAINFALL,EVAPORATION,SUNSHINE,WIND_GUST_DIR,WIND_GUST_SPEED,RAINFALL_TOMORROW) values (to_date('11.04.2017','DD.MM.RRRR'),'Darwin',23.4,6.4,0,'SSE',52,65.8);
Insert into WEATHER_DAILY (WEATHER_DATE,LOCATION_CODE,RAINFALL,EVAPORATION,SUNSHINE,WIND_GUST_DIR,WIND_GUST_SPEED,RAINFALL_TOMORROW) values (to_date('12.04.2017','DD.MM.RRRR'),'Darwin',65.8,null,1,'S',41,3.4);
Insert into WEATHER_DAILY (WEATHER_DATE,LOCATION_CODE,RAINFALL,EVAPORATION,SUNSHINE,WIND_GUST_DIR,WIND_GUST_SPEED,RAINFALL_TOMORROW) values (to_date('01.01.2017','DD.MM.RRRR'),'Katherine',50.8,19.2,null,'WNW',39,69);
Insert into WEATHER_DAILY (WEATHER_DATE,LOCATION_CODE,RAINFALL,EVAPORATION,SUNSHINE,WIND_GUST_DIR,WIND_GUST_SPEED,RAINFALL_TOMORROW) values (to_date('02.01.2017','DD.MM.RRRR'),'Katherine',69,null,null,'NNW',28,6.4);
Insert into WEATHER_DAILY (WEATHER_DATE,LOCATION_CODE,RAINFALL,EVAPORATION,SUNSHINE,WIND_GUST_DIR,WIND_GUST_SPEED,RAINFALL_TOMORROW) values (to_date('09.01.2017','DD.MM.RRRR'),'Katherine',26.8,5.2,null,'WSW',35,8);
Insert into WEATHER_DAILY (WEATHER_DATE,LOCATION_CODE,RAINFALL,EVAPORATION,SUNSHINE,WIND_GUST_DIR,WIND_GUST_SPEED,RAINFALL_TOMORROW) values (to_date('14.01.2017','DD.MM.RRRR'),'Katherine',16.6,4.6,null,'WNW',28,0);
Insert into WEATHER_DAILY (WEATHER_DATE,LOCATION_CODE,RAINFALL,EVAPORATION,SUNSHINE,WIND_GUST_DIR,WIND_GUST_SPEED,RAINFALL_TOMORROW) values (to_date('17.01.2017','DD.MM.RRRR'),'Katherine',44.2,16.2,null,'NW',57,8);
Insert into WEATHER_DAILY (WEATHER_DATE,LOCATION_CODE,RAINFALL,EVAPORATION,SUNSHINE,WIND_GUST_DIR,WIND_GUST_SPEED,RAINFALL_TOMORROW) values (to_date('19.01.2017','DD.MM.RRRR'),'Katherine',21.8,5.8,null,'W',52,35.2);
Insert into WEATHER_DAILY (WEATHER_DATE,LOCATION_CODE,RAINFALL,EVAPORATION,SUNSHINE,WIND_GUST_DIR,WIND_GUST_SPEED,RAINFALL_TOMORROW) values (to_date('20.01.2017','DD.MM.RRRR'),'Katherine',35.2,19.2,null,'NW',57,18.8);
Insert into WEATHER_DAILY (WEATHER_DATE,LOCATION_CODE,RAINFALL,EVAPORATION,SUNSHINE,WIND_GUST_DIR,WIND_GUST_SPEED,RAINFALL_TOMORROW) values (to_date('21.01.2017','DD.MM.RRRR'),'Katherine',18.8,6,null,'S',43,36.4);
Insert into WEATHER_DAILY (WEATHER_DATE,LOCATION_CODE,RAINFALL,EVAPORATION,SUNSHINE,WIND_GUST_DIR,WIND_GUST_SPEED,RAINFALL_TOMORROW) values (to_date('22.01.2017','DD.MM.RRRR'),'Katherine',36.4,10.2,null,'SE',43,20.6);
Insert into WEATHER_DAILY (WEATHER_DATE,LOCATION_CODE,RAINFALL,EVAPORATION,SUNSHINE,WIND_GUST_DIR,WIND_GUST_SPEED,RAINFALL_TOMORROW) values (to_date('23.01.2017','DD.MM.RRRR'),'Katherine',20.6,0.6,null,'ENE',41,72.6);
Insert into WEATHER_DAILY (WEATHER_DATE,LOCATION_CODE,RAINFALL,EVAPORATION,SUNSHINE,WIND_GUST_DIR,WIND_GUST_SPEED,RAINFALL_TOMORROW) values (to_date('24.01.2017','DD.MM.RRRR'),'Katherine',72.6,null,null,'NNW',43,15.4);
Insert into WEATHER_DAILY (WEATHER_DATE,LOCATION_CODE,RAINFALL,EVAPORATION,SUNSHINE,WIND_GUST_DIR,WIND_GUST_SPEED,RAINFALL_TOMORROW) values (to_date('25.01.2017','DD.MM.RRRR'),'Katherine',15.4,3.4,null,'NNW',43,1.8);
Insert into WEATHER_DAILY (WEATHER_DATE,LOCATION_CODE,RAINFALL,EVAPORATION,SUNSHINE,WIND_GUST_DIR,WIND_GUST_SPEED,RAINFALL_TOMORROW) values (to_date('03.02.2017','DD.MM.RRRR'),'Katherine',62,null,null,'NNW',33,40.8);
Insert into WEATHER_DAILY (WEATHER_DATE,LOCATION_CODE,RAINFALL,EVAPORATION,SUNSHINE,WIND_GUST_DIR,WIND_GUST_SPEED,RAINFALL_TOMORROW) values (to_date('04.02.2017','DD.MM.RRRR'),'Katherine',40.8,5.8,null,'SSE',24,19.8);
Insert into WEATHER_DAILY (WEATHER_DATE,LOCATION_CODE,RAINFALL,EVAPORATION,SUNSHINE,WIND_GUST_DIR,WIND_GUST_SPEED,RAINFALL_TOMORROW) values (to_date('05.02.2017','DD.MM.RRRR'),'Katherine',19.8,6.4,null,'NW',46,13.2);
Insert into WEATHER_DAILY (WEATHER_DATE,LOCATION_CODE,RAINFALL,EVAPORATION,SUNSHINE,WIND_GUST_DIR,WIND_GUST_SPEED,RAINFALL_TOMORROW) values (to_date('06.02.2017','DD.MM.RRRR'),'Katherine',13.2,5.2,null,'NW',63,35);
Insert into WEATHER_DAILY (WEATHER_DATE,LOCATION_CODE,RAINFALL,EVAPORATION,SUNSHINE,WIND_GUST_DIR,WIND_GUST_SPEED,RAINFALL_TOMORROW) values (to_date('07.02.2017','DD.MM.RRRR'),'Katherine',35,7,null,'WSW',59,5.6);
Insert into WEATHER_DAILY (WEATHER_DATE,LOCATION_CODE,RAINFALL,EVAPORATION,SUNSHINE,WIND_GUST_DIR,WIND_GUST_SPEED,RAINFALL_TOMORROW) values (to_date('10.02.2017','DD.MM.RRRR'),'Katherine',38,3,null,'N',30,28.4);
Insert into WEATHER_DAILY (WEATHER_DATE,LOCATION_CODE,RAINFALL,EVAPORATION,SUNSHINE,WIND_GUST_DIR,WIND_GUST_SPEED,RAINFALL_TOMORROW) values (to_date('11.02.2017','DD.MM.RRRR'),'Katherine',28.4,4.4,null,'S',39,2.2);
Insert into WEATHER_DAILY (WEATHER_DATE,LOCATION_CODE,RAINFALL,EVAPORATION,SUNSHINE,WIND_GUST_DIR,WIND_GUST_SPEED,RAINFALL_TOMORROW) values (to_date('13.02.2017','DD.MM.RRRR'),'Katherine',15.4,6,null,'WNW',35,5.2);
Insert into WEATHER_DAILY (WEATHER_DATE,LOCATION_CODE,RAINFALL,EVAPORATION,SUNSHINE,WIND_GUST_DIR,WIND_GUST_SPEED,RAINFALL_TOMORROW) values (to_date('18.02.2017','DD.MM.RRRR'),'Katherine',27.8,9.4,null,'SE',69,11.6);
Insert into WEATHER_DAILY (WEATHER_DATE,LOCATION_CODE,RAINFALL,EVAPORATION,SUNSHINE,WIND_GUST_DIR,WIND_GUST_SPEED,RAINFALL_TOMORROW) values (to_date('19.02.2017','DD.MM.RRRR'),'Katherine',11.6,6.2,null,'E',39,0.2);
Insert into WEATHER_DAILY (WEATHER_DATE,LOCATION_CODE,RAINFALL,EVAPORATION,SUNSHINE,WIND_GUST_DIR,WIND_GUST_SPEED,RAINFALL_TOMORROW) values (to_date('09.03.2017','DD.MM.RRRR'),'Katherine',24.8,8.8,null,'SSE',26,6.6);
Insert into WEATHER_DAILY (WEATHER_DATE,LOCATION_CODE,RAINFALL,EVAPORATION,SUNSHINE,WIND_GUST_DIR,WIND_GUST_SPEED,RAINFALL_TOMORROW) values (to_date('11.03.2017','DD.MM.RRRR'),'Katherine',31.8,16.8,null,'SSE',57,27.4);
Insert into WEATHER_DAILY (WEATHER_DATE,LOCATION_CODE,RAINFALL,EVAPORATION,SUNSHINE,WIND_GUST_DIR,WIND_GUST_SPEED,RAINFALL_TOMORROW) values (to_date('12.03.2017','DD.MM.RRRR'),'Katherine',27.4,3,null,'SE',37,3);
Insert into WEATHER_DAILY (WEATHER_DATE,LOCATION_CODE,RAINFALL,EVAPORATION,SUNSHINE,WIND_GUST_DIR,WIND_GUST_SPEED,RAINFALL_TOMORROW) values (to_date('14.03.2017','DD.MM.RRRR'),'Katherine',79,31,null,'ESE',22,0);
Insert into WEATHER_DAILY (WEATHER_DATE,LOCATION_CODE,RAINFALL,EVAPORATION,SUNSHINE,WIND_GUST_DIR,WIND_GUST_SPEED,RAINFALL_TOMORROW) values (to_date('20.03.2017','DD.MM.RRRR'),'Katherine',49,17,null,'NNE',31,0);
Insert into WEATHER_DAILY (WEATHER_DATE,LOCATION_CODE,RAINFALL,EVAPORATION,SUNSHINE,WIND_GUST_DIR,WIND_GUST_SPEED,RAINFALL_TOMORROW) values (to_date('22.03.2017','DD.MM.RRRR'),'Katherine',61.4,null,null,'N',31,0);
Insert into WEATHER_DAILY (WEATHER_DATE,LOCATION_CODE,RAINFALL,EVAPORATION,SUNSHINE,WIND_GUST_DIR,WIND_GUST_SPEED,RAINFALL_TOMORROW) values (to_date('27.03.2017','DD.MM.RRRR'),'Katherine',15.8,7.8,null,'NW',30,0);
Insert into WEATHER_DAILY (WEATHER_DATE,LOCATION_CODE,RAINFALL,EVAPORATION,SUNSHINE,WIND_GUST_DIR,WIND_GUST_SPEED,RAINFALL_TOMORROW) values (to_date('14.04.2017','DD.MM.RRRR'),'Katherine',12,1.6,null,'ENE',30,0);
Commit;
--------------------------------------------------------
--  Data for Table WEATHER_HOURLY
--  540 total rows
--------------------------------------------------------
Insert into WEATHER_HOURLY (WEATHER_DATE,LOCATION_CODE,TIME,WIND_DIR,WIND_SPEED,HUMIDITY,PRESSURE,CLOUD,TEMPERATURE) values (to_date('03.02.2017','DD.MM.RRRR'),'Cairns',9,'SSE',24,80,1009.6,8,29);
Insert into WEATHER_HOURLY (WEATHER_DATE,LOCATION_CODE,TIME,WIND_DIR,WIND_SPEED,HUMIDITY,PRESSURE,CLOUD,TEMPERATURE) values (to_date('03.02.2017','DD.MM.RRRR'),'Cairns',15,'SE',30,88,1007.1,8,28.1);
Insert into WEATHER_HOURLY (WEATHER_DATE,LOCATION_CODE,TIME,WIND_DIR,WIND_SPEED,HUMIDITY,PRESSURE,CLOUD,TEMPERATURE) values (to_date('04.02.2017','DD.MM.RRRR'),'Cairns',9,'SSE',15,83,1009.8,8,27.9);
Insert into WEATHER_HOURLY (WEATHER_DATE,LOCATION_CODE,TIME,WIND_DIR,WIND_SPEED,HUMIDITY,PRESSURE,CLOUD,TEMPERATURE) values (to_date('04.02.2017','DD.MM.RRRR'),'Cairns',15,'SE',30,83,1007.5,8,27);
Insert into WEATHER_HOURLY (WEATHER_DATE,LOCATION_CODE,TIME,WIND_DIR,WIND_SPEED,HUMIDITY,PRESSURE,CLOUD,TEMPERATURE) values (to_date('05.02.2017','DD.MM.RRRR'),'Cairns',9,'W',11,95,1009.5,8,24.8);
Insert into WEATHER_HOURLY (WEATHER_DATE,LOCATION_CODE,TIME,WIND_DIR,WIND_SPEED,HUMIDITY,PRESSURE,CLOUD,TEMPERATURE) values (to_date('05.02.2017','DD.MM.RRRR'),'Cairns',15,'ESE',24,76,1005.7,7,29.5);
Insert into WEATHER_HOURLY (WEATHER_DATE,LOCATION_CODE,TIME,WIND_DIR,WIND_SPEED,HUMIDITY,PRESSURE,CLOUD,TEMPERATURE) values (to_date('06.02.2017','DD.MM.RRRR'),'Cairns',9,'SSE',17,74,1008.9,1,28.5);
Insert into WEATHER_HOURLY (WEATHER_DATE,LOCATION_CODE,TIME,WIND_DIR,WIND_SPEED,HUMIDITY,PRESSURE,CLOUD,TEMPERATURE) values (to_date('06.02.2017','DD.MM.RRRR'),'Cairns',15,'ESE',30,64,1005.3,null,30.7);
Insert into WEATHER_HOURLY (WEATHER_DATE,LOCATION_CODE,TIME,WIND_DIR,WIND_SPEED,HUMIDITY,PRESSURE,CLOUD,TEMPERATURE) values (to_date('08.02.2017','DD.MM.RRRR'),'Cairns',9,'SSE',15,82,1009,4,28);
Insert into WEATHER_HOURLY (WEATHER_DATE,LOCATION_CODE,TIME,WIND_DIR,WIND_SPEED,HUMIDITY,PRESSURE,CLOUD,TEMPERATURE) values (to_date('08.02.2017','DD.MM.RRRR'),'Cairns',15,'ESE',30,64,1006.1,1,31.5);
Insert into WEATHER_HOURLY (WEATHER_DATE,LOCATION_CODE,TIME,WIND_DIR,WIND_SPEED,HUMIDITY,PRESSURE,CLOUD,TEMPERATURE) values (to_date('10.02.2017','DD.MM.RRRR'),'Cairns',9,'SSE',17,78,1009.4,1,28.7);
Insert into WEATHER_HOURLY (WEATHER_DATE,LOCATION_CODE,TIME,WIND_DIR,WIND_SPEED,HUMIDITY,PRESSURE,CLOUD,TEMPERATURE) values (to_date('10.02.2017','DD.MM.RRRR'),'Cairns',15,'ESE',28,63,1007,2,31.5);
Insert into WEATHER_HOURLY (WEATHER_DATE,LOCATION_CODE,TIME,WIND_DIR,WIND_SPEED,HUMIDITY,PRESSURE,CLOUD,TEMPERATURE) values (to_date('17.02.2017','DD.MM.RRRR'),'Cairns',9,'SSW',9,85,1013.1,8,25.5);
Insert into WEATHER_HOURLY (WEATHER_DATE,LOCATION_CODE,TIME,WIND_DIR,WIND_SPEED,HUMIDITY,PRESSURE,CLOUD,TEMPERATURE) values (to_date('17.02.2017','DD.MM.RRRR'),'Cairns',15,'SSE',28,74,1011.1,8,28.9);
Insert into WEATHER_HOURLY (WEATHER_DATE,LOCATION_CODE,TIME,WIND_DIR,WIND_SPEED,HUMIDITY,PRESSURE,CLOUD,TEMPERATURE) values (to_date('22.02.2017','DD.MM.RRRR'),'Cairns',9,'SE',9,81,1012.9,7,27.4);
Insert into WEATHER_HOURLY (WEATHER_DATE,LOCATION_CODE,TIME,WIND_DIR,WIND_SPEED,HUMIDITY,PRESSURE,CLOUD,TEMPERATURE) values (to_date('22.02.2017','DD.MM.RRRR'),'Cairns',15,'ENE',20,66,1010.1,3,31.5);
Insert into WEATHER_HOURLY (WEATHER_DATE,LOCATION_CODE,TIME,WIND_DIR,WIND_SPEED,HUMIDITY,PRESSURE,CLOUD,TEMPERATURE) values (to_date('24.02.2017','DD.MM.RRRR'),'Cairns',9,'S',17,87,1013.1,8,26.9);
Insert into WEATHER_HOURLY (WEATHER_DATE,LOCATION_CODE,TIME,WIND_DIR,WIND_SPEED,HUMIDITY,PRESSURE,CLOUD,TEMPERATURE) values (to_date('24.02.2017','DD.MM.RRRR'),'Cairns',15,'SSE',19,74,1009.7,4,30.3);
Insert into WEATHER_HOURLY (WEATHER_DATE,LOCATION_CODE,TIME,WIND_DIR,WIND_SPEED,HUMIDITY,PRESSURE,CLOUD,TEMPERATURE) values (to_date('25.02.2017','DD.MM.RRRR'),'Cairns',9,'S',19,77,1011.3,null,27.5);
Insert into WEATHER_HOURLY (WEATHER_DATE,LOCATION_CODE,TIME,WIND_DIR,WIND_SPEED,HUMIDITY,PRESSURE,CLOUD,TEMPERATURE) values (to_date('25.02.2017','DD.MM.RRRR'),'Cairns',15,'SSE',6,90,1009.2,8,25.9);
Insert into WEATHER_HOURLY (WEATHER_DATE,LOCATION_CODE,TIME,WIND_DIR,WIND_SPEED,HUMIDITY,PRESSURE,CLOUD,TEMPERATURE) values (to_date('26.02.2017','DD.MM.RRRR'),'Cairns',9,'SSE',13,76,1010.5,null,28.4);
Insert into WEATHER_HOURLY (WEATHER_DATE,LOCATION_CODE,TIME,WIND_DIR,WIND_SPEED,HUMIDITY,PRESSURE,CLOUD,TEMPERATURE) values (to_date('26.02.2017','DD.MM.RRRR'),'Cairns',15,'SE',30,57,1007.6,null,31.7);
Insert into WEATHER_HOURLY (WEATHER_DATE,LOCATION_CODE,TIME,WIND_DIR,WIND_SPEED,HUMIDITY,PRESSURE,CLOUD,TEMPERATURE) values (to_date('02.03.2017','DD.MM.RRRR'),'Cairns',9,'NE',11,95,1009.7,8,26);
Insert into WEATHER_HOURLY (WEATHER_DATE,LOCATION_CODE,TIME,WIND_DIR,WIND_SPEED,HUMIDITY,PRESSURE,CLOUD,TEMPERATURE) values (to_date('02.03.2017','DD.MM.RRRR'),'Cairns',15,'ESE',17,71,1006.3,2,30.5);
Insert into WEATHER_HOURLY (WEATHER_DATE,LOCATION_CODE,TIME,WIND_DIR,WIND_SPEED,HUMIDITY,PRESSURE,CLOUD,TEMPERATURE) values (to_date('03.03.2017','DD.MM.RRRR'),'Cairns',9,'SSE',17,91,1010.1,8,24.9);
Insert into WEATHER_HOURLY (WEATHER_DATE,LOCATION_CODE,TIME,WIND_DIR,WIND_SPEED,HUMIDITY,PRESSURE,CLOUD,TEMPERATURE) values (to_date('03.03.2017','DD.MM.RRRR'),'Cairns',15,'SSE',17,89,1006.4,1,26);
Insert into WEATHER_HOURLY (WEATHER_DATE,LOCATION_CODE,TIME,WIND_DIR,WIND_SPEED,HUMIDITY,PRESSURE,CLOUD,TEMPERATURE) values (to_date('18.03.2017','DD.MM.RRRR'),'Cairns',9,'ESE',6,75,1011.9,1,30.2);
Insert into WEATHER_HOURLY (WEATHER_DATE,LOCATION_CODE,TIME,WIND_DIR,WIND_SPEED,HUMIDITY,PRESSURE,CLOUD,TEMPERATURE) values (to_date('18.03.2017','DD.MM.RRRR'),'Cairns',15,'NE',15,74,1009.2,null,31.7);
Insert into WEATHER_HOURLY (WEATHER_DATE,LOCATION_CODE,TIME,WIND_DIR,WIND_SPEED,HUMIDITY,PRESSURE,CLOUD,TEMPERATURE) values (to_date('19.03.2017','DD.MM.RRRR'),'Cairns',9,'SSE',15,74,1012.2,8,27.9);
Insert into WEATHER_HOURLY (WEATHER_DATE,LOCATION_CODE,TIME,WIND_DIR,WIND_SPEED,HUMIDITY,PRESSURE,CLOUD,TEMPERATURE) values (to_date('19.03.2017','DD.MM.RRRR'),'Cairns',15,'NNE',13,89,1009.2,8,27.6);
Insert into WEATHER_HOURLY (WEATHER_DATE,LOCATION_CODE,TIME,WIND_DIR,WIND_SPEED,HUMIDITY,PRESSURE,CLOUD,TEMPERATURE) values (to_date('20.03.2017','DD.MM.RRRR'),'Cairns',9,'ESE',11,71,1011.8,null,28.5);
Insert into WEATHER_HOURLY (WEATHER_DATE,LOCATION_CODE,TIME,WIND_DIR,WIND_SPEED,HUMIDITY,PRESSURE,CLOUD,TEMPERATURE) values (to_date('20.03.2017','DD.MM.RRRR'),'Cairns',15,'ENE',19,78,1008.1,null,29.5);
Insert into WEATHER_HOURLY (WEATHER_DATE,LOCATION_CODE,TIME,WIND_DIR,WIND_SPEED,HUMIDITY,PRESSURE,CLOUD,TEMPERATURE) values (to_date('25.03.2017','DD.MM.RRRR'),'Cairns',9,'S',11,80,1009.6,8,27.9);
Insert into WEATHER_HOURLY (WEATHER_DATE,LOCATION_CODE,TIME,WIND_DIR,WIND_SPEED,HUMIDITY,PRESSURE,CLOUD,TEMPERATURE) values (to_date('25.03.2017','DD.MM.RRRR'),'Cairns',15,'ESE',26,61,1006.1,1,32.4);
Insert into WEATHER_HOURLY (WEATHER_DATE,LOCATION_CODE,TIME,WIND_DIR,WIND_SPEED,HUMIDITY,PRESSURE,CLOUD,TEMPERATURE) values (to_date('04.04.2017','DD.MM.RRRR'),'Cairns',9,'S',19,81,1013.3,8,26.2);
Insert into WEATHER_HOURLY (WEATHER_DATE,LOCATION_CODE,TIME,WIND_DIR,WIND_SPEED,HUMIDITY,PRESSURE,CLOUD,TEMPERATURE) values (to_date('04.04.2017','DD.MM.RRRR'),'Cairns',15,'SSE',17,95,1010.8,8,24.3);
Insert into WEATHER_HOURLY (WEATHER_DATE,LOCATION_CODE,TIME,WIND_DIR,WIND_SPEED,HUMIDITY,PRESSURE,CLOUD,TEMPERATURE) values (to_date('05.04.2017','DD.MM.RRRR'),'Cairns',9,'SE',13,96,1013.9,8,22.9);
Insert into WEATHER_HOURLY (WEATHER_DATE,LOCATION_CODE,TIME,WIND_DIR,WIND_SPEED,HUMIDITY,PRESSURE,CLOUD,TEMPERATURE) values (to_date('05.04.2017','DD.MM.RRRR'),'Cairns',15,'SE',28,69,1009.2,2,28.8);
Insert into WEATHER_HOURLY (WEATHER_DATE,LOCATION_CODE,TIME,WIND_DIR,WIND_SPEED,HUMIDITY,PRESSURE,CLOUD,TEMPERATURE) values (to_date('06.04.2017','DD.MM.RRRR'),'Cairns',9,'SSE',19,90,1013,8,25.5);
Insert into WEATHER_HOURLY (WEATHER_DATE,LOCATION_CODE,TIME,WIND_DIR,WIND_SPEED,HUMIDITY,PRESSURE,CLOUD,TEMPERATURE) values (to_date('06.04.2017','DD.MM.RRRR'),'Cairns',15,'SE',30,90,1010.5,8,25.9);
Insert into WEATHER_HOURLY (WEATHER_DATE,LOCATION_CODE,TIME,WIND_DIR,WIND_SPEED,HUMIDITY,PRESSURE,CLOUD,TEMPERATURE) values (to_date('07.04.2017','DD.MM.RRRR'),'Cairns',9,'S',22,88,1014.4,8,25.5);
Insert into WEATHER_HOURLY (WEATHER_DATE,LOCATION_CODE,TIME,WIND_DIR,WIND_SPEED,HUMIDITY,PRESSURE,CLOUD,TEMPERATURE) values (to_date('07.04.2017','DD.MM.RRRR'),'Cairns',15,'SSE',26,87,1012.2,8,25.5);
Insert into WEATHER_HOURLY (WEATHER_DATE,LOCATION_CODE,TIME,WIND_DIR,WIND_SPEED,HUMIDITY,PRESSURE,CLOUD,TEMPERATURE) values (to_date('22.04.2017','DD.MM.RRRR'),'Cairns',9,'SSE',17,80,1015.7,7,25.1);
Insert into WEATHER_HOURLY (WEATHER_DATE,LOCATION_CODE,TIME,WIND_DIR,WIND_SPEED,HUMIDITY,PRESSURE,CLOUD,TEMPERATURE) values (to_date('22.04.2017','DD.MM.RRRR'),'Cairns',15,'SE',31,72,1013.5,null,27.2);
Insert into WEATHER_HOURLY (WEATHER_DATE,LOCATION_CODE,TIME,WIND_DIR,WIND_SPEED,HUMIDITY,PRESSURE,CLOUD,TEMPERATURE) values (to_date('05.05.2017','DD.MM.RRRR'),'Cairns',9,'S',22,85,1018.6,8,24);
Insert into WEATHER_HOURLY (WEATHER_DATE,LOCATION_CODE,TIME,WIND_DIR,WIND_SPEED,HUMIDITY,PRESSURE,CLOUD,TEMPERATURE) values (to_date('05.05.2017','DD.MM.RRRR'),'Cairns',15,'SSE',26,72,1015.9,8,26.3);
Insert into WEATHER_HOURLY (WEATHER_DATE,LOCATION_CODE,TIME,WIND_DIR,WIND_SPEED,HUMIDITY,PRESSURE,CLOUD,TEMPERATURE) values (to_date('16.02.2017','DD.MM.RRRR'),'Townsville',9,'E',22,94,1012.1,8,24.6);
Insert into WEATHER_HOURLY (WEATHER_DATE,LOCATION_CODE,TIME,WIND_DIR,WIND_SPEED,HUMIDITY,PRESSURE,CLOUD,TEMPERATURE) values (to_date('16.02.2017','DD.MM.RRRR'),'Townsville',15,'ESE',20,93,1011,8,23.5);
Insert into WEATHER_HOURLY (WEATHER_DATE,LOCATION_CODE,TIME,WIND_DIR,WIND_SPEED,HUMIDITY,PRESSURE,CLOUD,TEMPERATURE) values (to_date('17.02.2017','DD.MM.RRRR'),'Townsville',9,'ESE',19,73,1013.5,1,29.2);
Insert into WEATHER_HOURLY (WEATHER_DATE,LOCATION_CODE,TIME,WIND_DIR,WIND_SPEED,HUMIDITY,PRESSURE,CLOUD,TEMPERATURE) values (to_date('17.02.2017','DD.MM.RRRR'),'Townsville',15,'NE',24,61,1011.6,null,30.6);
Insert into WEATHER_HOURLY (WEATHER_DATE,LOCATION_CODE,TIME,WIND_DIR,WIND_SPEED,HUMIDITY,PRESSURE,CLOUD,TEMPERATURE) values (to_date('23.02.2017','DD.MM.RRRR'),'Townsville',9,'SE',11,71,1014.7,8,29);
Insert into WEATHER_HOURLY (WEATHER_DATE,LOCATION_CODE,TIME,WIND_DIR,WIND_SPEED,HUMIDITY,PRESSURE,CLOUD,TEMPERATURE) values (to_date('23.02.2017','DD.MM.RRRR'),'Townsville',15,'ESE',26,80,1011.9,7,27.8);
Insert into WEATHER_HOURLY (WEATHER_DATE,LOCATION_CODE,TIME,WIND_DIR,WIND_SPEED,HUMIDITY,PRESSURE,CLOUD,TEMPERATURE) values (to_date('09.03.2017','DD.MM.RRRR'),'Townsville',9,'SE',17,84,1009.8,8,27.7);
Insert into WEATHER_HOURLY (WEATHER_DATE,LOCATION_CODE,TIME,WIND_DIR,WIND_SPEED,HUMIDITY,PRESSURE,CLOUD,TEMPERATURE) values (to_date('09.03.2017','DD.MM.RRRR'),'Townsville',15,'ESE',20,94,1006.5,8,26.2);
Insert into WEATHER_HOURLY (WEATHER_DATE,LOCATION_CODE,TIME,WIND_DIR,WIND_SPEED,HUMIDITY,PRESSURE,CLOUD,TEMPERATURE) values (to_date('10.03.2017','DD.MM.RRRR'),'Townsville',9,'SSE',11,70,1011.9,null,26.6);
Insert into WEATHER_HOURLY (WEATHER_DATE,LOCATION_CODE,TIME,WIND_DIR,WIND_SPEED,HUMIDITY,PRESSURE,CLOUD,TEMPERATURE) values (to_date('10.03.2017','DD.MM.RRRR'),'Townsville',15,'ENE',20,63,1008.7,null,29.6);
Insert into WEATHER_HOURLY (WEATHER_DATE,LOCATION_CODE,TIME,WIND_DIR,WIND_SPEED,HUMIDITY,PRESSURE,CLOUD,TEMPERATURE) values (to_date('19.03.2017','DD.MM.RRRR'),'Townsville',9,'NA',0,81,1011.8,7,27.6);
Insert into WEATHER_HOURLY (WEATHER_DATE,LOCATION_CODE,TIME,WIND_DIR,WIND_SPEED,HUMIDITY,PRESSURE,CLOUD,TEMPERATURE) values (to_date('19.03.2017','DD.MM.RRRR'),'Townsville',15,'NE',20,66,1009.1,8,30.3);
Insert into WEATHER_HOURLY (WEATHER_DATE,LOCATION_CODE,TIME,WIND_DIR,WIND_SPEED,HUMIDITY,PRESSURE,CLOUD,TEMPERATURE) values (to_date('20.03.2017','DD.MM.RRRR'),'Townsville',9,'SE',13,80,1011.8,null,27.9);
Insert into WEATHER_HOURLY (WEATHER_DATE,LOCATION_CODE,TIME,WIND_DIR,WIND_SPEED,HUMIDITY,PRESSURE,CLOUD,TEMPERATURE) values (to_date('20.03.2017','DD.MM.RRRR'),'Townsville',15,'ENE',19,65,1008.2,3,29.7);
Insert into WEATHER_HOURLY (WEATHER_DATE,LOCATION_CODE,TIME,WIND_DIR,WIND_SPEED,HUMIDITY,PRESSURE,CLOUD,TEMPERATURE) values (to_date('23.03.2017','DD.MM.RRRR'),'Townsville',9,'ESE',9,96,1011,7,24.9);
Insert into WEATHER_HOURLY (WEATHER_DATE,LOCATION_CODE,TIME,WIND_DIR,WIND_SPEED,HUMIDITY,PRESSURE,CLOUD,TEMPERATURE) values (to_date('23.03.2017','DD.MM.RRRR'),'Townsville',15,'E',20,68,1007.3,null,30.6);
Insert into WEATHER_HOURLY (WEATHER_DATE,LOCATION_CODE,TIME,WIND_DIR,WIND_SPEED,HUMIDITY,PRESSURE,CLOUD,TEMPERATURE) values (to_date('24.03.2017','DD.MM.RRRR'),'Townsville',9,'SSW',7,88,1011,8,26.3);
Insert into WEATHER_HOURLY (WEATHER_DATE,LOCATION_CODE,TIME,WIND_DIR,WIND_SPEED,HUMIDITY,PRESSURE,CLOUD,TEMPERATURE) values (to_date('24.03.2017','DD.MM.RRRR'),'Townsville',15,'ESE',13,68,1007.3,6,29.8);
Insert into WEATHER_HOURLY (WEATHER_DATE,LOCATION_CODE,TIME,WIND_DIR,WIND_SPEED,HUMIDITY,PRESSURE,CLOUD,TEMPERATURE) values (to_date('14.04.2017','DD.MM.RRRR'),'Townsville',9,'SE',15,68,1017.3,1,26.4);
Insert into WEATHER_HOURLY (WEATHER_DATE,LOCATION_CODE,TIME,WIND_DIR,WIND_SPEED,HUMIDITY,PRESSURE,CLOUD,TEMPERATURE) values (to_date('14.04.2017','DD.MM.RRRR'),'Townsville',15,'ESE',26,50,1013.8,8,29);
Insert into WEATHER_HOURLY (WEATHER_DATE,LOCATION_CODE,TIME,WIND_DIR,WIND_SPEED,HUMIDITY,PRESSURE,CLOUD,TEMPERATURE) values (to_date('18.05.2017','DD.MM.RRRR'),'Townsville',9,'SE',13,95,1017.2,8,21.6);
Insert into WEATHER_HOURLY (WEATHER_DATE,LOCATION_CODE,TIME,WIND_DIR,WIND_SPEED,HUMIDITY,PRESSURE,CLOUD,TEMPERATURE) values (to_date('18.05.2017','DD.MM.RRRR'),'Townsville',15,'S',20,96,1015.9,8,20.6);
Insert into WEATHER_HOURLY (WEATHER_DATE,LOCATION_CODE,TIME,WIND_DIR,WIND_SPEED,HUMIDITY,PRESSURE,CLOUD,TEMPERATURE) values (to_date('19.05.2017','DD.MM.RRRR'),'Townsville',9,'SW',13,94,1020.4,7,18.6);
Insert into WEATHER_HOURLY (WEATHER_DATE,LOCATION_CODE,TIME,WIND_DIR,WIND_SPEED,HUMIDITY,PRESSURE,CLOUD,TEMPERATURE) values (to_date('19.05.2017','DD.MM.RRRR'),'Townsville',15,'SSE',22,80,1015,8,20.6);
Insert into WEATHER_HOURLY (WEATHER_DATE,LOCATION_CODE,TIME,WIND_DIR,WIND_SPEED,HUMIDITY,PRESSURE,CLOUD,TEMPERATURE) values (to_date('06.01.2017','DD.MM.RRRR'),'Townsville',9,'SSE',17,91,1003.9,8,26.6);
Insert into WEATHER_HOURLY (WEATHER_DATE,LOCATION_CODE,TIME,WIND_DIR,WIND_SPEED,HUMIDITY,PRESSURE,CLOUD,TEMPERATURE) values (to_date('06.01.2017','DD.MM.RRRR'),'Townsville',15,'SE',17,97,1000.9,6,26);
Insert into WEATHER_HOURLY (WEATHER_DATE,LOCATION_CODE,TIME,WIND_DIR,WIND_SPEED,HUMIDITY,PRESSURE,CLOUD,TEMPERATURE) values (to_date('07.01.2017','DD.MM.RRRR'),'Townsville',9,'S',13,78,1002.9,8,27.7);
Insert into WEATHER_HOURLY (WEATHER_DATE,LOCATION_CODE,TIME,WIND_DIR,WIND_SPEED,HUMIDITY,PRESSURE,CLOUD,TEMPERATURE) values (to_date('07.01.2017','DD.MM.RRRR'),'Townsville',15,'ESE',26,78,1000.7,8,27.8);
Insert into WEATHER_HOURLY (WEATHER_DATE,LOCATION_CODE,TIME,WIND_DIR,WIND_SPEED,HUMIDITY,PRESSURE,CLOUD,TEMPERATURE) values (to_date('12.01.2017','DD.MM.RRRR'),'Townsville',9,'E',17,84,1009.3,8,28.9);
Insert into WEATHER_HOURLY (WEATHER_DATE,LOCATION_CODE,TIME,WIND_DIR,WIND_SPEED,HUMIDITY,PRESSURE,CLOUD,TEMPERATURE) values (to_date('12.01.2017','DD.MM.RRRR'),'Townsville',15,'N',22,69,1006.9,null,30.8);
Insert into WEATHER_HOURLY (WEATHER_DATE,LOCATION_CODE,TIME,WIND_DIR,WIND_SPEED,HUMIDITY,PRESSURE,CLOUD,TEMPERATURE) values (to_date('16.01.2017','DD.MM.RRRR'),'Townsville',9,'SE',11,89,1010.3,8,26.9);
Insert into WEATHER_HOURLY (WEATHER_DATE,LOCATION_CODE,TIME,WIND_DIR,WIND_SPEED,HUMIDITY,PRESSURE,CLOUD,TEMPERATURE) values (to_date('16.01.2017','DD.MM.RRRR'),'Townsville',15,'ENE',28,75,1008.7,6,29.4);
Insert into WEATHER_HOURLY (WEATHER_DATE,LOCATION_CODE,TIME,WIND_DIR,WIND_SPEED,HUMIDITY,PRESSURE,CLOUD,TEMPERATURE) values (to_date('24.01.2017','DD.MM.RRRR'),'Townsville',9,'SE',15,70,1013.7,8,28.8);
Insert into WEATHER_HOURLY (WEATHER_DATE,LOCATION_CODE,TIME,WIND_DIR,WIND_SPEED,HUMIDITY,PRESSURE,CLOUD,TEMPERATURE) values (to_date('24.01.2017','DD.MM.RRRR'),'Townsville',15,'ENE',22,67,1010.4,2,31.1);
Insert into WEATHER_HOURLY (WEATHER_DATE,LOCATION_CODE,TIME,WIND_DIR,WIND_SPEED,HUMIDITY,PRESSURE,CLOUD,TEMPERATURE) values (to_date('01.02.2017','DD.MM.RRRR'),'Townsville',9,'ESE',19,79,1012.5,8,29.4);
Insert into WEATHER_HOURLY (WEATHER_DATE,LOCATION_CODE,TIME,WIND_DIR,WIND_SPEED,HUMIDITY,PRESSURE,CLOUD,TEMPERATURE) values (to_date('01.02.2017','DD.MM.RRRR'),'Townsville',15,'ENE',28,70,1010,4,30.8);
Insert into WEATHER_HOURLY (WEATHER_DATE,LOCATION_CODE,TIME,WIND_DIR,WIND_SPEED,HUMIDITY,PRESSURE,CLOUD,TEMPERATURE) values (to_date('01.01.2017','DD.MM.RRRR'),'Katherine',9,'NW',19,96,1002.4,8,23.4);
Insert into WEATHER_HOURLY (WEATHER_DATE,LOCATION_CODE,TIME,WIND_DIR,WIND_SPEED,HUMIDITY,PRESSURE,CLOUD,TEMPERATURE) values (to_date('01.01.2017','DD.MM.RRRR'),'Katherine',15,'WSW',15,null,998.4,null,null);
Insert into WEATHER_HOURLY (WEATHER_DATE,LOCATION_CODE,TIME,WIND_DIR,WIND_SPEED,HUMIDITY,PRESSURE,CLOUD,TEMPERATURE) values (to_date('02.01.2017','DD.MM.RRRR'),'Katherine',9,'NNE',9,96,1000.2,8,25.5);
Insert into WEATHER_HOURLY (WEATHER_DATE,LOCATION_CODE,TIME,WIND_DIR,WIND_SPEED,HUMIDITY,PRESSURE,CLOUD,TEMPERATURE) values (to_date('02.01.2017','DD.MM.RRRR'),'Katherine',15,'NE',9,null,998,null,null);
Insert into WEATHER_HOURLY (WEATHER_DATE,LOCATION_CODE,TIME,WIND_DIR,WIND_SPEED,HUMIDITY,PRESSURE,CLOUD,TEMPERATURE) values (to_date('09.01.2017','DD.MM.RRRR'),'Katherine',9,'WNW',11,88,1004.5,8,27.7);
Insert into WEATHER_HOURLY (WEATHER_DATE,LOCATION_CODE,TIME,WIND_DIR,WIND_SPEED,HUMIDITY,PRESSURE,CLOUD,TEMPERATURE) values (to_date('09.01.2017','DD.MM.RRRR'),'Katherine',15,'N',11,null,1000,null,null);
Insert into WEATHER_HOURLY (WEATHER_DATE,LOCATION_CODE,TIME,WIND_DIR,WIND_SPEED,HUMIDITY,PRESSURE,CLOUD,TEMPERATURE) values (to_date('14.01.2017','DD.MM.RRRR'),'Katherine',9,'N',11,81,1009.2,7,29);
Insert into WEATHER_HOURLY (WEATHER_DATE,LOCATION_CODE,TIME,WIND_DIR,WIND_SPEED,HUMIDITY,PRESSURE,CLOUD,TEMPERATURE) values (to_date('14.01.2017','DD.MM.RRRR'),'Katherine',15,'NNW',6,null,1005.7,null,null);
Insert into WEATHER_HOURLY (WEATHER_DATE,LOCATION_CODE,TIME,WIND_DIR,WIND_SPEED,HUMIDITY,PRESSURE,CLOUD,TEMPERATURE) values (to_date('17.01.2017','DD.MM.RRRR'),'Katherine',9,'NW',11,74,1008.9,7,28.5);
Insert into WEATHER_HOURLY (WEATHER_DATE,LOCATION_CODE,TIME,WIND_DIR,WIND_SPEED,HUMIDITY,PRESSURE,CLOUD,TEMPERATURE) values (to_date('17.01.2017','DD.MM.RRRR'),'Katherine',15,'NW',20,null,1005.2,null,null);
Insert into WEATHER_HOURLY (WEATHER_DATE,LOCATION_CODE,TIME,WIND_DIR,WIND_SPEED,HUMIDITY,PRESSURE,CLOUD,TEMPERATURE) values (to_date('19.01.2017','DD.MM.RRRR'),'Katherine',9,'WNW',9,81,1010.7,7,28);
Insert into WEATHER_HOURLY (WEATHER_DATE,LOCATION_CODE,TIME,WIND_DIR,WIND_SPEED,HUMIDITY,PRESSURE,CLOUD,TEMPERATURE) values (to_date('19.01.2017','DD.MM.RRRR'),'Katherine',15,'NA',0,null,1006.5,null,null);
Insert into WEATHER_HOURLY (WEATHER_DATE,LOCATION_CODE,TIME,WIND_DIR,WIND_SPEED,HUMIDITY,PRESSURE,CLOUD,TEMPERATURE) values (to_date('20.01.2017','DD.MM.RRRR'),'Katherine',9,'WNW',13,74,1008.7,7,28.5);
Insert into WEATHER_HOURLY (WEATHER_DATE,LOCATION_CODE,TIME,WIND_DIR,WIND_SPEED,HUMIDITY,PRESSURE,CLOUD,TEMPERATURE) values (to_date('20.01.2017','DD.MM.RRRR'),'Katherine',15,'NW',17,null,1005.1,null,null);
Insert into WEATHER_HOURLY (WEATHER_DATE,LOCATION_CODE,TIME,WIND_DIR,WIND_SPEED,HUMIDITY,PRESSURE,CLOUD,TEMPERATURE) values (to_date('21.01.2017','DD.MM.RRRR'),'Katherine',9,'WNW',17,85,1010.3,8,27.4);
Insert into WEATHER_HOURLY (WEATHER_DATE,LOCATION_CODE,TIME,WIND_DIR,WIND_SPEED,HUMIDITY,PRESSURE,CLOUD,TEMPERATURE) values (to_date('21.01.2017','DD.MM.RRRR'),'Katherine',15,'NW',19,null,1005.5,null,null);
Insert into WEATHER_HOURLY (WEATHER_DATE,LOCATION_CODE,TIME,WIND_DIR,WIND_SPEED,HUMIDITY,PRESSURE,CLOUD,TEMPERATURE) values (to_date('22.01.2017','DD.MM.RRRR'),'Katherine',9,'WNW',13,91,1009,7,27.1);
Insert into WEATHER_HOURLY (WEATHER_DATE,LOCATION_CODE,TIME,WIND_DIR,WIND_SPEED,HUMIDITY,PRESSURE,CLOUD,TEMPERATURE) values (to_date('22.01.2017','DD.MM.RRRR'),'Katherine',15,'WNW',9,null,1003.8,null,null);
Insert into WEATHER_HOURLY (WEATHER_DATE,LOCATION_CODE,TIME,WIND_DIR,WIND_SPEED,HUMIDITY,PRESSURE,CLOUD,TEMPERATURE) values (to_date('23.01.2017','DD.MM.RRRR'),'Katherine',9,'W',9,88,1007,8,26.5);
Insert into WEATHER_HOURLY (WEATHER_DATE,LOCATION_CODE,TIME,WIND_DIR,WIND_SPEED,HUMIDITY,PRESSURE,CLOUD,TEMPERATURE) values (to_date('23.01.2017','DD.MM.RRRR'),'Katherine',15,'NNW',9,null,1003.1,null,null);
Insert into WEATHER_HOURLY (WEATHER_DATE,LOCATION_CODE,TIME,WIND_DIR,WIND_SPEED,HUMIDITY,PRESSURE,CLOUD,TEMPERATURE) values (to_date('24.01.2017','DD.MM.RRRR'),'Katherine',9,'NW',13,92,1006.6,8,26);
Insert into WEATHER_HOURLY (WEATHER_DATE,LOCATION_CODE,TIME,WIND_DIR,WIND_SPEED,HUMIDITY,PRESSURE,CLOUD,TEMPERATURE) values (to_date('24.01.2017','DD.MM.RRRR'),'Katherine',15,'NW',22,null,1003.2,null,null);
Insert into WEATHER_HOURLY (WEATHER_DATE,LOCATION_CODE,TIME,WIND_DIR,WIND_SPEED,HUMIDITY,PRESSURE,CLOUD,TEMPERATURE) values (to_date('25.01.2017','DD.MM.RRRR'),'Katherine',9,'N',17,78,1007.9,7,28.5);
Insert into WEATHER_HOURLY (WEATHER_DATE,LOCATION_CODE,TIME,WIND_DIR,WIND_SPEED,HUMIDITY,PRESSURE,CLOUD,TEMPERATURE) values (to_date('25.01.2017','DD.MM.RRRR'),'Katherine',15,'NNW',11,null,1004.9,null,null);
Insert into WEATHER_HOURLY (WEATHER_DATE,LOCATION_CODE,TIME,WIND_DIR,WIND_SPEED,HUMIDITY,PRESSURE,CLOUD,TEMPERATURE) values (to_date('03.02.2017','DD.MM.RRRR'),'Katherine',9,'SE',9,80,1006.5,5,28.8);
Insert into WEATHER_HOURLY (WEATHER_DATE,LOCATION_CODE,TIME,WIND_DIR,WIND_SPEED,HUMIDITY,PRESSURE,CLOUD,TEMPERATURE) values (to_date('03.02.2017','DD.MM.RRRR'),'Katherine',15,'ESE',20,null,1001.5,null,null);
Insert into WEATHER_HOURLY (WEATHER_DATE,LOCATION_CODE,TIME,WIND_DIR,WIND_SPEED,HUMIDITY,PRESSURE,CLOUD,TEMPERATURE) values (to_date('04.02.2017','DD.MM.RRRR'),'Katherine',9,'SSE',4,78,1004.6,8,29);
Insert into WEATHER_HOURLY (WEATHER_DATE,LOCATION_CODE,TIME,WIND_DIR,WIND_SPEED,HUMIDITY,PRESSURE,CLOUD,TEMPERATURE) values (to_date('04.02.2017','DD.MM.RRRR'),'Katherine',15,'N',15,null,1000.2,null,null);
Insert into WEATHER_HOURLY (WEATHER_DATE,LOCATION_CODE,TIME,WIND_DIR,WIND_SPEED,HUMIDITY,PRESSURE,CLOUD,TEMPERATURE) values (to_date('05.02.2017','DD.MM.RRRR'),'Katherine',9,'NNE',13,81,1002.3,7,28.5);
Insert into WEATHER_HOURLY (WEATHER_DATE,LOCATION_CODE,TIME,WIND_DIR,WIND_SPEED,HUMIDITY,PRESSURE,CLOUD,TEMPERATURE) values (to_date('05.02.2017','DD.MM.RRRR'),'Katherine',15,'N',19,null,998.4,null,null);
Insert into WEATHER_HOURLY (WEATHER_DATE,LOCATION_CODE,TIME,WIND_DIR,WIND_SPEED,HUMIDITY,PRESSURE,CLOUD,TEMPERATURE) values (to_date('06.02.2017','DD.MM.RRRR'),'Katherine',9,'N',11,81,1003.9,8,27.5);
Insert into WEATHER_HOURLY (WEATHER_DATE,LOCATION_CODE,TIME,WIND_DIR,WIND_SPEED,HUMIDITY,PRESSURE,CLOUD,TEMPERATURE) values (to_date('06.02.2017','DD.MM.RRRR'),'Katherine',15,'NW',11,null,1001.7,null,null);
Insert into WEATHER_HOURLY (WEATHER_DATE,LOCATION_CODE,TIME,WIND_DIR,WIND_SPEED,HUMIDITY,PRESSURE,CLOUD,TEMPERATURE) values (to_date('07.02.2017','DD.MM.RRRR'),'Katherine',9,'NNE',13,85,1006.2,7,28.5);
Insert into WEATHER_HOURLY (WEATHER_DATE,LOCATION_CODE,TIME,WIND_DIR,WIND_SPEED,HUMIDITY,PRESSURE,CLOUD,TEMPERATURE) values (to_date('07.02.2017','DD.MM.RRRR'),'Katherine',15,'SSW',15,null,1003.1,null,null);
Insert into WEATHER_HOURLY (WEATHER_DATE,LOCATION_CODE,TIME,WIND_DIR,WIND_SPEED,HUMIDITY,PRESSURE,CLOUD,TEMPERATURE) values (to_date('10.02.2017','DD.MM.RRRR'),'Katherine',9,'SSW',9,88,1006.4,8,26);
Insert into WEATHER_HOURLY (WEATHER_DATE,LOCATION_CODE,TIME,WIND_DIR,WIND_SPEED,HUMIDITY,PRESSURE,CLOUD,TEMPERATURE) values (to_date('10.02.2017','DD.MM.RRRR'),'Katherine',15,'NW',17,null,1002.9,null,null);
Insert into WEATHER_HOURLY (WEATHER_DATE,LOCATION_CODE,TIME,WIND_DIR,WIND_SPEED,HUMIDITY,PRESSURE,CLOUD,TEMPERATURE) values (to_date('11.02.2017','DD.MM.RRRR'),'Katherine',9,'W',15,84,1007.8,8,26.5);
Insert into WEATHER_HOURLY (WEATHER_DATE,LOCATION_CODE,TIME,WIND_DIR,WIND_SPEED,HUMIDITY,PRESSURE,CLOUD,TEMPERATURE) values (to_date('11.02.2017','DD.MM.RRRR'),'Katherine',15,'SSE',19,null,1004.2,null,null);
Insert into WEATHER_HOURLY (WEATHER_DATE,LOCATION_CODE,TIME,WIND_DIR,WIND_SPEED,HUMIDITY,PRESSURE,CLOUD,TEMPERATURE) values (to_date('13.02.2017','DD.MM.RRRR'),'Katherine',9,'NNW',9,88,1007.6,8,27);
Insert into WEATHER_HOURLY (WEATHER_DATE,LOCATION_CODE,TIME,WIND_DIR,WIND_SPEED,HUMIDITY,PRESSURE,CLOUD,TEMPERATURE) values (to_date('13.02.2017','DD.MM.RRRR'),'Katherine',15,'WNW',13,null,1004.5,null,null);
Insert into WEATHER_HOURLY (WEATHER_DATE,LOCATION_CODE,TIME,WIND_DIR,WIND_SPEED,HUMIDITY,PRESSURE,CLOUD,TEMPERATURE) values (to_date('18.02.2017','DD.MM.RRRR'),'Katherine',9,'NW',11,88,1009.5,7,25.9);
Insert into WEATHER_HOURLY (WEATHER_DATE,LOCATION_CODE,TIME,WIND_DIR,WIND_SPEED,HUMIDITY,PRESSURE,CLOUD,TEMPERATURE) values (to_date('18.02.2017','DD.MM.RRRR'),'Katherine',15,'WNW',15,null,1005.6,null,null);
Insert into WEATHER_HOURLY (WEATHER_DATE,LOCATION_CODE,TIME,WIND_DIR,WIND_SPEED,HUMIDITY,PRESSURE,CLOUD,TEMPERATURE) values (to_date('19.02.2017','DD.MM.RRRR'),'Katherine',9,'SSW',7,86,1008.4,5,27);
Insert into WEATHER_HOURLY (WEATHER_DATE,LOCATION_CODE,TIME,WIND_DIR,WIND_SPEED,HUMIDITY,PRESSURE,CLOUD,TEMPERATURE) values (to_date('19.02.2017','DD.MM.RRRR'),'Katherine',15,'S',15,null,1004.2,null,null);
Insert into WEATHER_HOURLY (WEATHER_DATE,LOCATION_CODE,TIME,WIND_DIR,WIND_SPEED,HUMIDITY,PRESSURE,CLOUD,TEMPERATURE) values (to_date('09.03.2017','DD.MM.RRRR'),'Katherine',9,'ENE',2,81,1010.4,6,28);
Insert into WEATHER_HOURLY (WEATHER_DATE,LOCATION_CODE,TIME,WIND_DIR,WIND_SPEED,HUMIDITY,PRESSURE,CLOUD,TEMPERATURE) values (to_date('09.03.2017','DD.MM.RRRR'),'Katherine',15,'SSW',15,null,1006.2,null,null);
Insert into WEATHER_HOURLY (WEATHER_DATE,LOCATION_CODE,TIME,WIND_DIR,WIND_SPEED,HUMIDITY,PRESSURE,CLOUD,TEMPERATURE) values (to_date('11.03.2017','DD.MM.RRRR'),'Katherine',9,'WNW',7,81,1010.1,3,27.6);
Insert into WEATHER_HOURLY (WEATHER_DATE,LOCATION_CODE,TIME,WIND_DIR,WIND_SPEED,HUMIDITY,PRESSURE,CLOUD,TEMPERATURE) values (to_date('11.03.2017','DD.MM.RRRR'),'Katherine',15,'WNW',17,null,1005.9,null,null);
Insert into WEATHER_HOURLY (WEATHER_DATE,LOCATION_CODE,TIME,WIND_DIR,WIND_SPEED,HUMIDITY,PRESSURE,CLOUD,TEMPERATURE) values (to_date('12.03.2017','DD.MM.RRRR'),'Katherine',9,'W',7,92,1009.2,8,26);
Insert into WEATHER_HOURLY (WEATHER_DATE,LOCATION_CODE,TIME,WIND_DIR,WIND_SPEED,HUMIDITY,PRESSURE,CLOUD,TEMPERATURE) values (to_date('12.03.2017','DD.MM.RRRR'),'Katherine',15,'WNW',9,null,1006.2,null,null);
Insert into WEATHER_HOURLY (WEATHER_DATE,LOCATION_CODE,TIME,WIND_DIR,WIND_SPEED,HUMIDITY,PRESSURE,CLOUD,TEMPERATURE) values (to_date('14.03.2017','DD.MM.RRRR'),'Katherine',9,'SSE',11,84,1010.6,3,27.5);
Insert into WEATHER_HOURLY (WEATHER_DATE,LOCATION_CODE,TIME,WIND_DIR,WIND_SPEED,HUMIDITY,PRESSURE,CLOUD,TEMPERATURE) values (to_date('14.03.2017','DD.MM.RRRR'),'Katherine',15,'SE',13,null,1007.1,null,null);
Insert into WEATHER_HOURLY (WEATHER_DATE,LOCATION_CODE,TIME,WIND_DIR,WIND_SPEED,HUMIDITY,PRESSURE,CLOUD,TEMPERATURE) values (to_date('20.03.2017','DD.MM.RRRR'),'Katherine',9,'W',7,88,1009.8,7,26);
Insert into WEATHER_HOURLY (WEATHER_DATE,LOCATION_CODE,TIME,WIND_DIR,WIND_SPEED,HUMIDITY,PRESSURE,CLOUD,TEMPERATURE) values (to_date('20.03.2017','DD.MM.RRRR'),'Katherine',15,'NE',4,null,1006,null,null);
Insert into WEATHER_HOURLY (WEATHER_DATE,LOCATION_CODE,TIME,WIND_DIR,WIND_SPEED,HUMIDITY,PRESSURE,CLOUD,TEMPERATURE) values (to_date('22.03.2017','DD.MM.RRRR'),'Katherine',9,'WNW',2,87,1010.4,6,27);
Insert into WEATHER_HOURLY (WEATHER_DATE,LOCATION_CODE,TIME,WIND_DIR,WIND_SPEED,HUMIDITY,PRESSURE,CLOUD,TEMPERATURE) values (to_date('22.03.2017','DD.MM.RRRR'),'Katherine',15,'ENE',7,null,1006.3,null,null);
Insert into WEATHER_HOURLY (WEATHER_DATE,LOCATION_CODE,TIME,WIND_DIR,WIND_SPEED,HUMIDITY,PRESSURE,CLOUD,TEMPERATURE) values (to_date('27.03.2017','DD.MM.RRRR'),'Katherine',9,'NW',11,81,1011,6,28.5);
Insert into WEATHER_HOURLY (WEATHER_DATE,LOCATION_CODE,TIME,WIND_DIR,WIND_SPEED,HUMIDITY,PRESSURE,CLOUD,TEMPERATURE) values (to_date('27.03.2017','DD.MM.RRRR'),'Katherine',15,'SW',2,null,1006.9,null,null);
Insert into WEATHER_HOURLY (WEATHER_DATE,LOCATION_CODE,TIME,WIND_DIR,WIND_SPEED,HUMIDITY,PRESSURE,CLOUD,TEMPERATURE) values (to_date('14.04.2017','DD.MM.RRRR'),'Katherine',9,'NE',4,79,1013.3,1,27.1);
Insert into WEATHER_HOURLY (WEATHER_DATE,LOCATION_CODE,TIME,WIND_DIR,WIND_SPEED,HUMIDITY,PRESSURE,CLOUD,TEMPERATURE) values (to_date('14.04.2017','DD.MM.RRRR'),'Katherine',15,'E',17,null,1009.5,null,null);
Insert into WEATHER_HOURLY (WEATHER_DATE,LOCATION_CODE,TIME,WIND_DIR,WIND_SPEED,HUMIDITY,PRESSURE,CLOUD,TEMPERATURE) values (to_date('01.01.2017','DD.MM.RRRR'),'Darwin',9,'W',13,86,1003.7,7,25.1);
Insert into WEATHER_HOURLY (WEATHER_DATE,LOCATION_CODE,TIME,WIND_DIR,WIND_SPEED,HUMIDITY,PRESSURE,CLOUD,TEMPERATURE) values (to_date('01.01.2017','DD.MM.RRRR'),'Darwin',15,'W',33,69,1000.4,7,31.1);
Insert into WEATHER_HOURLY (WEATHER_DATE,LOCATION_CODE,TIME,WIND_DIR,WIND_SPEED,HUMIDITY,PRESSURE,CLOUD,TEMPERATURE) values (to_date('02.01.2017','DD.MM.RRRR'),'Darwin',9,'S',17,98,1002,8,24.3);
Insert into WEATHER_HOURLY (WEATHER_DATE,LOCATION_CODE,TIME,WIND_DIR,WIND_SPEED,HUMIDITY,PRESSURE,CLOUD,TEMPERATURE) values (to_date('02.01.2017','DD.MM.RRRR'),'Darwin',15,'W',26,75,999.9,7,28.9);
Insert into WEATHER_HOURLY (WEATHER_DATE,LOCATION_CODE,TIME,WIND_DIR,WIND_SPEED,HUMIDITY,PRESSURE,CLOUD,TEMPERATURE) values (to_date('03.01.2017','DD.MM.RRRR'),'Darwin',9,'WNW',13,94,1000.7,8,26);
Insert into WEATHER_HOURLY (WEATHER_DATE,LOCATION_CODE,TIME,WIND_DIR,WIND_SPEED,HUMIDITY,PRESSURE,CLOUD,TEMPERATURE) values (to_date('03.01.2017','DD.MM.RRRR'),'Darwin',15,'WNW',28,87,998.8,8,28.1);
Insert into WEATHER_HOURLY (WEATHER_DATE,LOCATION_CODE,TIME,WIND_DIR,WIND_SPEED,HUMIDITY,PRESSURE,CLOUD,TEMPERATURE) values (to_date('04.01.2017','DD.MM.RRRR'),'Darwin',9,'NW',30,79,1002.4,5,29.3);
Insert into WEATHER_HOURLY (WEATHER_DATE,LOCATION_CODE,TIME,WIND_DIR,WIND_SPEED,HUMIDITY,PRESSURE,CLOUD,TEMPERATURE) values (to_date('04.01.2017','DD.MM.RRRR'),'Darwin',15,'NNW',31,67,1000.8,5,31.2);
Insert into WEATHER_HOURLY (WEATHER_DATE,LOCATION_CODE,TIME,WIND_DIR,WIND_SPEED,HUMIDITY,PRESSURE,CLOUD,TEMPERATURE) values (to_date('06.01.2017','DD.MM.RRRR'),'Darwin',9,'W',13,76,1005.6,7,29.9);
Insert into WEATHER_HOURLY (WEATHER_DATE,LOCATION_CODE,TIME,WIND_DIR,WIND_SPEED,HUMIDITY,PRESSURE,CLOUD,TEMPERATURE) values (to_date('06.01.2017','DD.MM.RRRR'),'Darwin',15,'WNW',24,69,1002.7,7,30.8);
Insert into WEATHER_HOURLY (WEATHER_DATE,LOCATION_CODE,TIME,WIND_DIR,WIND_SPEED,HUMIDITY,PRESSURE,CLOUD,TEMPERATURE) values (to_date('20.01.2017','DD.MM.RRRR'),'Darwin',9,'NNW',2,93,1009.8,7,26.1);
Insert into WEATHER_HOURLY (WEATHER_DATE,LOCATION_CODE,TIME,WIND_DIR,WIND_SPEED,HUMIDITY,PRESSURE,CLOUD,TEMPERATURE) values (to_date('20.01.2017','DD.MM.RRRR'),'Darwin',15,'WSW',20,77,1007.1,7,28.5);
Insert into WEATHER_HOURLY (WEATHER_DATE,LOCATION_CODE,TIME,WIND_DIR,WIND_SPEED,HUMIDITY,PRESSURE,CLOUD,TEMPERATURE) values (to_date('21.01.2017','DD.MM.RRRR'),'Darwin',9,'SE',4,96,1011.3,7,24.4);
Insert into WEATHER_HOURLY (WEATHER_DATE,LOCATION_CODE,TIME,WIND_DIR,WIND_SPEED,HUMIDITY,PRESSURE,CLOUD,TEMPERATURE) values (to_date('21.01.2017','DD.MM.RRRR'),'Darwin',15,'W',7,72,1007.7,6,29.4);
Insert into WEATHER_HOURLY (WEATHER_DATE,LOCATION_CODE,TIME,WIND_DIR,WIND_SPEED,HUMIDITY,PRESSURE,CLOUD,TEMPERATURE) values (to_date('23.01.2017','DD.MM.RRRR'),'Darwin',9,'S',7,83,1007.8,8,27.5);
Insert into WEATHER_HOURLY (WEATHER_DATE,LOCATION_CODE,TIME,WIND_DIR,WIND_SPEED,HUMIDITY,PRESSURE,CLOUD,TEMPERATURE) values (to_date('23.01.2017','DD.MM.RRRR'),'Darwin',15,'WNW',20,91,1005.5,8,27);
Insert into WEATHER_HOURLY (WEATHER_DATE,LOCATION_CODE,TIME,WIND_DIR,WIND_SPEED,HUMIDITY,PRESSURE,CLOUD,TEMPERATURE) values (to_date('24.01.2017','DD.MM.RRRR'),'Darwin',9,'W',13,96,1008.2,8,24.5);
Insert into WEATHER_HOURLY (WEATHER_DATE,LOCATION_CODE,TIME,WIND_DIR,WIND_SPEED,HUMIDITY,PRESSURE,CLOUD,TEMPERATURE) values (to_date('24.01.2017','DD.MM.RRRR'),'Darwin',15,'WSW',20,89,1005.2,8,25.5);
Insert into WEATHER_HOURLY (WEATHER_DATE,LOCATION_CODE,TIME,WIND_DIR,WIND_SPEED,HUMIDITY,PRESSURE,CLOUD,TEMPERATURE) values (to_date('26.01.2017','DD.MM.RRRR'),'Darwin',9,'N',17,80,1008.3,6,29.1);
Insert into WEATHER_HOURLY (WEATHER_DATE,LOCATION_CODE,TIME,WIND_DIR,WIND_SPEED,HUMIDITY,PRESSURE,CLOUD,TEMPERATURE) values (to_date('26.01.2017','DD.MM.RRRR'),'Darwin',15,'NNW',20,65,1006.7,7,31.7);
Insert into WEATHER_HOURLY (WEATHER_DATE,LOCATION_CODE,TIME,WIND_DIR,WIND_SPEED,HUMIDITY,PRESSURE,CLOUD,TEMPERATURE) values (to_date('28.01.2017','DD.MM.RRRR'),'Darwin',9,'ESE',7,78,1009.3,3,28.3);
Insert into WEATHER_HOURLY (WEATHER_DATE,LOCATION_CODE,TIME,WIND_DIR,WIND_SPEED,HUMIDITY,PRESSURE,CLOUD,TEMPERATURE) values (to_date('28.01.2017','DD.MM.RRRR'),'Darwin',15,'NNW',17,67,1006.8,3,31.5);
Insert into WEATHER_HOURLY (WEATHER_DATE,LOCATION_CODE,TIME,WIND_DIR,WIND_SPEED,HUMIDITY,PRESSURE,CLOUD,TEMPERATURE) values (to_date('30.01.2017','DD.MM.RRRR'),'Darwin',9,'ESE',6,93,1009.2,8,25);
Insert into WEATHER_HOURLY (WEATHER_DATE,LOCATION_CODE,TIME,WIND_DIR,WIND_SPEED,HUMIDITY,PRESSURE,CLOUD,TEMPERATURE) values (to_date('30.01.2017','DD.MM.RRRR'),'Darwin',15,'NW',19,67,1005.2,7,31.6);
Insert into WEATHER_HOURLY (WEATHER_DATE,LOCATION_CODE,TIME,WIND_DIR,WIND_SPEED,HUMIDITY,PRESSURE,CLOUD,TEMPERATURE) values (to_date('01.02.2017','DD.MM.RRRR'),'Darwin',9,'ENE',6,88,1007.3,7,26.8);
Insert into WEATHER_HOURLY (WEATHER_DATE,LOCATION_CODE,TIME,WIND_DIR,WIND_SPEED,HUMIDITY,PRESSURE,CLOUD,TEMPERATURE) values (to_date('01.02.2017','DD.MM.RRRR'),'Darwin',15,'N',11,67,1003.8,7,31.5);
Insert into WEATHER_HOURLY (WEATHER_DATE,LOCATION_CODE,TIME,WIND_DIR,WIND_SPEED,HUMIDITY,PRESSURE,CLOUD,TEMPERATURE) values (to_date('05.02.2017','DD.MM.RRRR'),'Darwin',9,'NNW',22,93,1002.5,8,25.9);
Insert into WEATHER_HOURLY (WEATHER_DATE,LOCATION_CODE,TIME,WIND_DIR,WIND_SPEED,HUMIDITY,PRESSURE,CLOUD,TEMPERATURE) values (to_date('05.02.2017','DD.MM.RRRR'),'Darwin',15,'WNW',31,85,999.9,8,27.4);
Insert into WEATHER_HOURLY (WEATHER_DATE,LOCATION_CODE,TIME,WIND_DIR,WIND_SPEED,HUMIDITY,PRESSURE,CLOUD,TEMPERATURE) values (to_date('06.02.2017','DD.MM.RRRR'),'Darwin',9,'NNW',20,90,1003.8,8,27.6);
Insert into WEATHER_HOURLY (WEATHER_DATE,LOCATION_CODE,TIME,WIND_DIR,WIND_SPEED,HUMIDITY,PRESSURE,CLOUD,TEMPERATURE) values (to_date('06.02.2017','DD.MM.RRRR'),'Darwin',15,'NW',11,92,1001.9,8,26.3);
Insert into WEATHER_HOURLY (WEATHER_DATE,LOCATION_CODE,TIME,WIND_DIR,WIND_SPEED,HUMIDITY,PRESSURE,CLOUD,TEMPERATURE) values (to_date('09.02.2017','DD.MM.RRRR'),'Darwin',9,'NA',0,91,1007.4,8,25.4);
Insert into WEATHER_HOURLY (WEATHER_DATE,LOCATION_CODE,TIME,WIND_DIR,WIND_SPEED,HUMIDITY,PRESSURE,CLOUD,TEMPERATURE) values (to_date('09.02.2017','DD.MM.RRRR'),'Darwin',15,'W',22,79,1004.5,7,27.4);
Insert into WEATHER_HOURLY (WEATHER_DATE,LOCATION_CODE,TIME,WIND_DIR,WIND_SPEED,HUMIDITY,PRESSURE,CLOUD,TEMPERATURE) values (to_date('10.02.2017','DD.MM.RRRR'),'Darwin',9,'SW',9,86,1006.9,8,24.9);
Insert into WEATHER_HOURLY (WEATHER_DATE,LOCATION_CODE,TIME,WIND_DIR,WIND_SPEED,HUMIDITY,PRESSURE,CLOUD,TEMPERATURE) values (to_date('10.02.2017','DD.MM.RRRR'),'Darwin',15,'W',20,87,1005,7,26.3);
Insert into WEATHER_HOURLY (WEATHER_DATE,LOCATION_CODE,TIME,WIND_DIR,WIND_SPEED,HUMIDITY,PRESSURE,CLOUD,TEMPERATURE) values (to_date('12.02.2017','DD.MM.RRRR'),'Darwin',9,'WSW',13,96,1008,8,24.4);
Insert into WEATHER_HOURLY (WEATHER_DATE,LOCATION_CODE,TIME,WIND_DIR,WIND_SPEED,HUMIDITY,PRESSURE,CLOUD,TEMPERATURE) values (to_date('12.02.2017','DD.MM.RRRR'),'Darwin',15,'WNW',19,80,1005.3,7,28.7);
Insert into WEATHER_HOURLY (WEATHER_DATE,LOCATION_CODE,TIME,WIND_DIR,WIND_SPEED,HUMIDITY,PRESSURE,CLOUD,TEMPERATURE) values (to_date('13.02.2017','DD.MM.RRRR'),'Darwin',9,'W',30,77,1008.2,8,26.7);
Insert into WEATHER_HOURLY (WEATHER_DATE,LOCATION_CODE,TIME,WIND_DIR,WIND_SPEED,HUMIDITY,PRESSURE,CLOUD,TEMPERATURE) values (to_date('13.02.2017','DD.MM.RRRR'),'Darwin',15,'WNW',35,71,1006.5,7,29.4);
Insert into WEATHER_HOURLY (WEATHER_DATE,LOCATION_CODE,TIME,WIND_DIR,WIND_SPEED,HUMIDITY,PRESSURE,CLOUD,TEMPERATURE) values (to_date('20.02.2017','DD.MM.RRRR'),'Darwin',9,'WNW',7,74,1009.7,7,27.6);
Insert into WEATHER_HOURLY (WEATHER_DATE,LOCATION_CODE,TIME,WIND_DIR,WIND_SPEED,HUMIDITY,PRESSURE,CLOUD,TEMPERATURE) values (to_date('20.02.2017','DD.MM.RRRR'),'Darwin',15,'WNW',15,67,1006.3,5,31.4);
Insert into WEATHER_HOURLY (WEATHER_DATE,LOCATION_CODE,TIME,WIND_DIR,WIND_SPEED,HUMIDITY,PRESSURE,CLOUD,TEMPERATURE) values (to_date('26.02.2017','DD.MM.RRRR'),'Darwin',9,'S',11,81,1008.8,5,27.3);
Insert into WEATHER_HOURLY (WEATHER_DATE,LOCATION_CODE,TIME,WIND_DIR,WIND_SPEED,HUMIDITY,PRESSURE,CLOUD,TEMPERATURE) values (to_date('26.02.2017','DD.MM.RRRR'),'Darwin',15,'WNW',19,62,1005.7,6,32.7);
Insert into WEATHER_HOURLY (WEATHER_DATE,LOCATION_CODE,TIME,WIND_DIR,WIND_SPEED,HUMIDITY,PRESSURE,CLOUD,TEMPERATURE) values (to_date('27.02.2017','DD.MM.RRRR'),'Darwin',9,'S',7,78,1009.8,2,28);
Insert into WEATHER_HOURLY (WEATHER_DATE,LOCATION_CODE,TIME,WIND_DIR,WIND_SPEED,HUMIDITY,PRESSURE,CLOUD,TEMPERATURE) values (to_date('27.02.2017','DD.MM.RRRR'),'Darwin',15,'WNW',13,61,1006.1,5,32.5);
Insert into WEATHER_HOURLY (WEATHER_DATE,LOCATION_CODE,TIME,WIND_DIR,WIND_SPEED,HUMIDITY,PRESSURE,CLOUD,TEMPERATURE) values (to_date('28.02.2017','DD.MM.RRRR'),'Darwin',9,'WSW',9,79,1008.8,6,28.3);
Insert into WEATHER_HOURLY (WEATHER_DATE,LOCATION_CODE,TIME,WIND_DIR,WIND_SPEED,HUMIDITY,PRESSURE,CLOUD,TEMPERATURE) values (to_date('28.02.2017','DD.MM.RRRR'),'Darwin',15,'NNW',17,62,1006,5,32);
Insert into WEATHER_HOURLY (WEATHER_DATE,LOCATION_CODE,TIME,WIND_DIR,WIND_SPEED,HUMIDITY,PRESSURE,CLOUD,TEMPERATURE) values (to_date('04.03.2017','DD.MM.RRRR'),'Darwin',9,'SSE',9,75,1006,7,27.8);
Insert into WEATHER_HOURLY (WEATHER_DATE,LOCATION_CODE,TIME,WIND_DIR,WIND_SPEED,HUMIDITY,PRESSURE,CLOUD,TEMPERATURE) values (to_date('04.03.2017','DD.MM.RRRR'),'Darwin',15,'SE',6,62,1001.5,8,31.5);
Insert into WEATHER_HOURLY (WEATHER_DATE,LOCATION_CODE,TIME,WIND_DIR,WIND_SPEED,HUMIDITY,PRESSURE,CLOUD,TEMPERATURE) values (to_date('05.03.2017','DD.MM.RRRR'),'Darwin',9,'E',31,96,1002.7,8,24.8);
Insert into WEATHER_HOURLY (WEATHER_DATE,LOCATION_CODE,TIME,WIND_DIR,WIND_SPEED,HUMIDITY,PRESSURE,CLOUD,TEMPERATURE) values (to_date('05.03.2017','DD.MM.RRRR'),'Darwin',15,'NNE',24,86,1000.2,7,27.9);
Insert into WEATHER_HOURLY (WEATHER_DATE,LOCATION_CODE,TIME,WIND_DIR,WIND_SPEED,HUMIDITY,PRESSURE,CLOUD,TEMPERATURE) values (to_date('06.03.2017','DD.MM.RRRR'),'Darwin',9,'NE',15,87,1005.2,7,25.9);
Insert into WEATHER_HOURLY (WEATHER_DATE,LOCATION_CODE,TIME,WIND_DIR,WIND_SPEED,HUMIDITY,PRESSURE,CLOUD,TEMPERATURE) values (to_date('06.03.2017','DD.MM.RRRR'),'Darwin',15,'N',15,90,1003.4,7,26.8);
Insert into WEATHER_HOURLY (WEATHER_DATE,LOCATION_CODE,TIME,WIND_DIR,WIND_SPEED,HUMIDITY,PRESSURE,CLOUD,TEMPERATURE) values (to_date('07.03.2017','DD.MM.RRRR'),'Darwin',9,'NE',15,82,1007.4,7,28.8);
Insert into WEATHER_HOURLY (WEATHER_DATE,LOCATION_CODE,TIME,WIND_DIR,WIND_SPEED,HUMIDITY,PRESSURE,CLOUD,TEMPERATURE) values (to_date('07.03.2017','DD.MM.RRRR'),'Darwin',15,'NE',15,69,1005.1,8,29.7);
Insert into WEATHER_HOURLY (WEATHER_DATE,LOCATION_CODE,TIME,WIND_DIR,WIND_SPEED,HUMIDITY,PRESSURE,CLOUD,TEMPERATURE) values (to_date('09.03.2017','DD.MM.RRRR'),'Darwin',9,'ENE',6,86,1009.5,7,27.9);
Insert into WEATHER_HOURLY (WEATHER_DATE,LOCATION_CODE,TIME,WIND_DIR,WIND_SPEED,HUMIDITY,PRESSURE,CLOUD,TEMPERATURE) values (to_date('09.03.2017','DD.MM.RRRR'),'Darwin',15,'S',6,91,1007.2,7,27.3);
Insert into WEATHER_HOURLY (WEATHER_DATE,LOCATION_CODE,TIME,WIND_DIR,WIND_SPEED,HUMIDITY,PRESSURE,CLOUD,TEMPERATURE) values (to_date('14.03.2017','DD.MM.RRRR'),'Darwin',9,'SE',6,72,1010,3,29.1);
Insert into WEATHER_HOURLY (WEATHER_DATE,LOCATION_CODE,TIME,WIND_DIR,WIND_SPEED,HUMIDITY,PRESSURE,CLOUD,TEMPERATURE) values (to_date('14.03.2017','DD.MM.RRRR'),'Darwin',15,'NW',19,70,1007.2,5,31.8);
Insert into WEATHER_HOURLY (WEATHER_DATE,LOCATION_CODE,TIME,WIND_DIR,WIND_SPEED,HUMIDITY,PRESSURE,CLOUD,TEMPERATURE) values (to_date('17.03.2017','DD.MM.RRRR'),'Darwin',9,'SE',4,84,1008.3,7,27.9);
Insert into WEATHER_HOURLY (WEATHER_DATE,LOCATION_CODE,TIME,WIND_DIR,WIND_SPEED,HUMIDITY,PRESSURE,CLOUD,TEMPERATURE) values (to_date('17.03.2017','DD.MM.RRRR'),'Darwin',15,'NW',20,75,1005.6,7,31.5);
Insert into WEATHER_HOURLY (WEATHER_DATE,LOCATION_CODE,TIME,WIND_DIR,WIND_SPEED,HUMIDITY,PRESSURE,CLOUD,TEMPERATURE) values (to_date('18.03.2017','DD.MM.RRRR'),'Darwin',9,'ESE',13,83,1009.9,5,27.3);
Insert into WEATHER_HOURLY (WEATHER_DATE,LOCATION_CODE,TIME,WIND_DIR,WIND_SPEED,HUMIDITY,PRESSURE,CLOUD,TEMPERATURE) values (to_date('18.03.2017','DD.MM.RRRR'),'Darwin',15,'NNE',20,68,1006.6,5,31.9);
Insert into WEATHER_HOURLY (WEATHER_DATE,LOCATION_CODE,TIME,WIND_DIR,WIND_SPEED,HUMIDITY,PRESSURE,CLOUD,TEMPERATURE) values (to_date('19.03.2017','DD.MM.RRRR'),'Darwin',9,'N',9,90,1009.5,6,28);
Insert into WEATHER_HOURLY (WEATHER_DATE,LOCATION_CODE,TIME,WIND_DIR,WIND_SPEED,HUMIDITY,PRESSURE,CLOUD,TEMPERATURE) values (to_date('19.03.2017','DD.MM.RRRR'),'Darwin',15,'NW',15,70,1006.9,6,31.2);
Insert into WEATHER_HOURLY (WEATHER_DATE,LOCATION_CODE,TIME,WIND_DIR,WIND_SPEED,HUMIDITY,PRESSURE,CLOUD,TEMPERATURE) values (to_date('20.03.2017','DD.MM.RRRR'),'Darwin',9,'SSE',13,91,1011.5,8,24.1);
Insert into WEATHER_HOURLY (WEATHER_DATE,LOCATION_CODE,TIME,WIND_DIR,WIND_SPEED,HUMIDITY,PRESSURE,CLOUD,TEMPERATURE) values (to_date('20.03.2017','DD.MM.RRRR'),'Darwin',15,'W',7,79,1006.9,8,28.5);
Insert into WEATHER_HOURLY (WEATHER_DATE,LOCATION_CODE,TIME,WIND_DIR,WIND_SPEED,HUMIDITY,PRESSURE,CLOUD,TEMPERATURE) values (to_date('21.03.2017','DD.MM.RRRR'),'Darwin',9,'NW',9,92,1008.9,7,26.5);
Insert into WEATHER_HOURLY (WEATHER_DATE,LOCATION_CODE,TIME,WIND_DIR,WIND_SPEED,HUMIDITY,PRESSURE,CLOUD,TEMPERATURE) values (to_date('21.03.2017','DD.MM.RRRR'),'Darwin',15,'NNW',15,73,1005.9,7,30.1);
Insert into WEATHER_HOURLY (WEATHER_DATE,LOCATION_CODE,TIME,WIND_DIR,WIND_SPEED,HUMIDITY,PRESSURE,CLOUD,TEMPERATURE) values (to_date('23.03.2017','DD.MM.RRRR'),'Darwin',9,'ENE',7,88,1010.4,7,27.6);
Insert into WEATHER_HOURLY (WEATHER_DATE,LOCATION_CODE,TIME,WIND_DIR,WIND_SPEED,HUMIDITY,PRESSURE,CLOUD,TEMPERATURE) values (to_date('23.03.2017','DD.MM.RRRR'),'Darwin',15,'NNW',13,69,1006.8,7,30.3);
Insert into WEATHER_HOURLY (WEATHER_DATE,LOCATION_CODE,TIME,WIND_DIR,WIND_SPEED,HUMIDITY,PRESSURE,CLOUD,TEMPERATURE) values (to_date('24.03.2017','DD.MM.RRRR'),'Darwin',9,'SSE',7,82,1009.5,5,28);
Insert into WEATHER_HOURLY (WEATHER_DATE,LOCATION_CODE,TIME,WIND_DIR,WIND_SPEED,HUMIDITY,PRESSURE,CLOUD,TEMPERATURE) values (to_date('24.03.2017','DD.MM.RRRR'),'Darwin',15,'S',7,86,1005.7,7,27.5);
Insert into WEATHER_HOURLY (WEATHER_DATE,LOCATION_CODE,TIME,WIND_DIR,WIND_SPEED,HUMIDITY,PRESSURE,CLOUD,TEMPERATURE) values (to_date('25.03.2017','DD.MM.RRRR'),'Darwin',9,'ESE',11,89,1007.9,7,26.7);
Insert into WEATHER_HOURLY (WEATHER_DATE,LOCATION_CODE,TIME,WIND_DIR,WIND_SPEED,HUMIDITY,PRESSURE,CLOUD,TEMPERATURE) values (to_date('25.03.2017','DD.MM.RRRR'),'Darwin',15,'SW',4,87,1006,8,27.7);
Insert into WEATHER_HOURLY (WEATHER_DATE,LOCATION_CODE,TIME,WIND_DIR,WIND_SPEED,HUMIDITY,PRESSURE,CLOUD,TEMPERATURE) values (to_date('26.03.2017','DD.MM.RRRR'),'Darwin',9,'NE',7,90,1009.1,7,27.6);
Insert into WEATHER_HOURLY (WEATHER_DATE,LOCATION_CODE,TIME,WIND_DIR,WIND_SPEED,HUMIDITY,PRESSURE,CLOUD,TEMPERATURE) values (to_date('26.03.2017','DD.MM.RRRR'),'Darwin',15,'NNW',15,69,1006.2,7,30.1);
Insert into WEATHER_HOURLY (WEATHER_DATE,LOCATION_CODE,TIME,WIND_DIR,WIND_SPEED,HUMIDITY,PRESSURE,CLOUD,TEMPERATURE) values (to_date('30.03.2017','DD.MM.RRRR'),'Darwin',9,'W',13,84,1010.1,7,28.2);
Insert into WEATHER_HOURLY (WEATHER_DATE,LOCATION_CODE,TIME,WIND_DIR,WIND_SPEED,HUMIDITY,PRESSURE,CLOUD,TEMPERATURE) values (to_date('30.03.2017','DD.MM.RRRR'),'Darwin',15,'WNW',17,65,1007.5,7,31.7);
Insert into WEATHER_HOURLY (WEATHER_DATE,LOCATION_CODE,TIME,WIND_DIR,WIND_SPEED,HUMIDITY,PRESSURE,CLOUD,TEMPERATURE) values (to_date('01.04.2017','DD.MM.RRRR'),'Darwin',9,'ESE',15,74,1010.2,7,28.3);
Insert into WEATHER_HOURLY (WEATHER_DATE,LOCATION_CODE,TIME,WIND_DIR,WIND_SPEED,HUMIDITY,PRESSURE,CLOUD,TEMPERATURE) values (to_date('01.04.2017','DD.MM.RRRR'),'Darwin',15,'E',22,52,1006.7,8,32.7);
Insert into WEATHER_HOURLY (WEATHER_DATE,LOCATION_CODE,TIME,WIND_DIR,WIND_SPEED,HUMIDITY,PRESSURE,CLOUD,TEMPERATURE) values (to_date('06.04.2017','DD.MM.RRRR'),'Darwin',9,'S',7,83,1009.7,7,26.8);
Insert into WEATHER_HOURLY (WEATHER_DATE,LOCATION_CODE,TIME,WIND_DIR,WIND_SPEED,HUMIDITY,PRESSURE,CLOUD,TEMPERATURE) values (to_date('06.04.2017','DD.MM.RRRR'),'Darwin',15,'NW',13,59,1006.3,3,31.7);
Insert into WEATHER_HOURLY (WEATHER_DATE,LOCATION_CODE,TIME,WIND_DIR,WIND_SPEED,HUMIDITY,PRESSURE,CLOUD,TEMPERATURE) values (to_date('07.04.2017','DD.MM.RRRR'),'Darwin',9,'S',6,81,1010.8,7,27.5);
Insert into WEATHER_HOURLY (WEATHER_DATE,LOCATION_CODE,TIME,WIND_DIR,WIND_SPEED,HUMIDITY,PRESSURE,CLOUD,TEMPERATURE) values (to_date('07.04.2017','DD.MM.RRRR'),'Darwin',15,'ENE',20,53,1008.4,7,33);
Insert into WEATHER_HOURLY (WEATHER_DATE,LOCATION_CODE,TIME,WIND_DIR,WIND_SPEED,HUMIDITY,PRESSURE,CLOUD,TEMPERATURE) values (to_date('11.04.2017','DD.MM.RRRR'),'Darwin',9,'S',22,95,1007.4,8,21.1);
Insert into WEATHER_HOURLY (WEATHER_DATE,LOCATION_CODE,TIME,WIND_DIR,WIND_SPEED,HUMIDITY,PRESSURE,CLOUD,TEMPERATURE) values (to_date('11.04.2017','DD.MM.RRRR'),'Darwin',15,'S',31,95,1003.9,8,19);
Insert into WEATHER_HOURLY (WEATHER_DATE,LOCATION_CODE,TIME,WIND_DIR,WIND_SPEED,HUMIDITY,PRESSURE,CLOUD,TEMPERATURE) values (to_date('12.04.2017','DD.MM.RRRR'),'Darwin',9,'SSW',13,98,1007.3,8,21.8);
Insert into WEATHER_HOURLY (WEATHER_DATE,LOCATION_CODE,TIME,WIND_DIR,WIND_SPEED,HUMIDITY,PRESSURE,CLOUD,TEMPERATURE) values (to_date('12.04.2017','DD.MM.RRRR'),'Darwin',15,'N',20,78,1005.4,7,25.9);
Insert into WEATHER_HOURLY (WEATHER_DATE,LOCATION_CODE,TIME,WIND_DIR,WIND_SPEED,HUMIDITY,PRESSURE,CLOUD,TEMPERATURE) values (to_date('06.01.2017','DD.MM.RRRR'),'CoffsHarbour',9,'SSW',28,95,1016.4,8,20);
Insert into WEATHER_HOURLY (WEATHER_DATE,LOCATION_CODE,TIME,WIND_DIR,WIND_SPEED,HUMIDITY,PRESSURE,CLOUD,TEMPERATURE) values (to_date('06.01.2017','DD.MM.RRRR'),'CoffsHarbour',15,'SW',6,70,1016.2,5,24.3);
Insert into WEATHER_HOURLY (WEATHER_DATE,LOCATION_CODE,TIME,WIND_DIR,WIND_SPEED,HUMIDITY,PRESSURE,CLOUD,TEMPERATURE) values (to_date('07.01.2017','DD.MM.RRRR'),'CoffsHarbour',9,'SW',11,84,1017.7,8,22.1);
Insert into WEATHER_HOURLY (WEATHER_DATE,LOCATION_CODE,TIME,WIND_DIR,WIND_SPEED,HUMIDITY,PRESSURE,CLOUD,TEMPERATURE) values (to_date('07.01.2017','DD.MM.RRRR'),'CoffsHarbour',15,'E',17,56,1015,null,25.9);
Insert into WEATHER_HOURLY (WEATHER_DATE,LOCATION_CODE,TIME,WIND_DIR,WIND_SPEED,HUMIDITY,PRESSURE,CLOUD,TEMPERATURE) values (to_date('15.01.2017','DD.MM.RRRR'),'CoffsHarbour',9,'SSE',15,95,1011,8,23.9);
Insert into WEATHER_HOURLY (WEATHER_DATE,LOCATION_CODE,TIME,WIND_DIR,WIND_SPEED,HUMIDITY,PRESSURE,CLOUD,TEMPERATURE) values (to_date('15.01.2017','DD.MM.RRRR'),'CoffsHarbour',15,'SSW',26,95,1014.5,8,21.4);
Insert into WEATHER_HOURLY (WEATHER_DATE,LOCATION_CODE,TIME,WIND_DIR,WIND_SPEED,HUMIDITY,PRESSURE,CLOUD,TEMPERATURE) values (to_date('16.01.2017','DD.MM.RRRR'),'CoffsHarbour',9,'SW',24,94,1017.3,8,19.9);
Insert into WEATHER_HOURLY (WEATHER_DATE,LOCATION_CODE,TIME,WIND_DIR,WIND_SPEED,HUMIDITY,PRESSURE,CLOUD,TEMPERATURE) values (to_date('16.01.2017','DD.MM.RRRR'),'CoffsHarbour',15,'S',19,76,1016,8,24.4);
Insert into WEATHER_HOURLY (WEATHER_DATE,LOCATION_CODE,TIME,WIND_DIR,WIND_SPEED,HUMIDITY,PRESSURE,CLOUD,TEMPERATURE) values (to_date('21.01.2017','DD.MM.RRRR'),'CoffsHarbour',9,'SW',26,72,1008.3,4,24.8);
Insert into WEATHER_HOURLY (WEATHER_DATE,LOCATION_CODE,TIME,WIND_DIR,WIND_SPEED,HUMIDITY,PRESSURE,CLOUD,TEMPERATURE) values (to_date('21.01.2017','DD.MM.RRRR'),'CoffsHarbour',15,'S',20,74,1010.4,8,25);
Insert into WEATHER_HOURLY (WEATHER_DATE,LOCATION_CODE,TIME,WIND_DIR,WIND_SPEED,HUMIDITY,PRESSURE,CLOUD,TEMPERATURE) values (to_date('27.01.2017','DD.MM.RRRR'),'CoffsHarbour',9,'SSW',26,74,1015.8,8,25.3);
Insert into WEATHER_HOURLY (WEATHER_DATE,LOCATION_CODE,TIME,WIND_DIR,WIND_SPEED,HUMIDITY,PRESSURE,CLOUD,TEMPERATURE) values (to_date('27.01.2017','DD.MM.RRRR'),'CoffsHarbour',15,'S',20,71,1015.1,1,27.3);
Insert into WEATHER_HOURLY (WEATHER_DATE,LOCATION_CODE,TIME,WIND_DIR,WIND_SPEED,HUMIDITY,PRESSURE,CLOUD,TEMPERATURE) values (to_date('15.02.2017','DD.MM.RRRR'),'CoffsHarbour',9,'WSW',11,93,1017.1,8,20.2);
Insert into WEATHER_HOURLY (WEATHER_DATE,LOCATION_CODE,TIME,WIND_DIR,WIND_SPEED,HUMIDITY,PRESSURE,CLOUD,TEMPERATURE) values (to_date('15.02.2017','DD.MM.RRRR'),'CoffsHarbour',15,'E',15,70,1014.4,2,24.9);
Insert into WEATHER_HOURLY (WEATHER_DATE,LOCATION_CODE,TIME,WIND_DIR,WIND_SPEED,HUMIDITY,PRESSURE,CLOUD,TEMPERATURE) values (to_date('18.02.2017','DD.MM.RRRR'),'CoffsHarbour',9,'NNE',20,74,1008.9,1,25.6);
Insert into WEATHER_HOURLY (WEATHER_DATE,LOCATION_CODE,TIME,WIND_DIR,WIND_SPEED,HUMIDITY,PRESSURE,CLOUD,TEMPERATURE) values (to_date('18.02.2017','DD.MM.RRRR'),'CoffsHarbour',15,'NNE',43,67,1005.5,null,28.4);
Insert into WEATHER_HOURLY (WEATHER_DATE,LOCATION_CODE,TIME,WIND_DIR,WIND_SPEED,HUMIDITY,PRESSURE,CLOUD,TEMPERATURE) values (to_date('20.02.2017','DD.MM.RRRR'),'CoffsHarbour',9,'WSW',13,56,1011.6,null,23.3);
Insert into WEATHER_HOURLY (WEATHER_DATE,LOCATION_CODE,TIME,WIND_DIR,WIND_SPEED,HUMIDITY,PRESSURE,CLOUD,TEMPERATURE) values (to_date('20.02.2017','DD.MM.RRRR'),'CoffsHarbour',15,'ESE',15,47,1010.5,null,26.8);
Insert into WEATHER_HOURLY (WEATHER_DATE,LOCATION_CODE,TIME,WIND_DIR,WIND_SPEED,HUMIDITY,PRESSURE,CLOUD,TEMPERATURE) values (to_date('28.02.2017','DD.MM.RRRR'),'CoffsHarbour',9,'WSW',15,95,1019.6,8,19.5);
Insert into WEATHER_HOURLY (WEATHER_DATE,LOCATION_CODE,TIME,WIND_DIR,WIND_SPEED,HUMIDITY,PRESSURE,CLOUD,TEMPERATURE) values (to_date('28.02.2017','DD.MM.RRRR'),'CoffsHarbour',15,'SW',19,89,1017.9,6,22.2);
Insert into WEATHER_HOURLY (WEATHER_DATE,LOCATION_CODE,TIME,WIND_DIR,WIND_SPEED,HUMIDITY,PRESSURE,CLOUD,TEMPERATURE) values (to_date('01.03.2017','DD.MM.RRRR'),'CoffsHarbour',9,'WSW',13,86,1019.1,4,21.8);
Insert into WEATHER_HOURLY (WEATHER_DATE,LOCATION_CODE,TIME,WIND_DIR,WIND_SPEED,HUMIDITY,PRESSURE,CLOUD,TEMPERATURE) values (to_date('01.03.2017','DD.MM.RRRR'),'CoffsHarbour',15,'SSE',17,75,1017.9,null,25.2);
Insert into WEATHER_HOURLY (WEATHER_DATE,LOCATION_CODE,TIME,WIND_DIR,WIND_SPEED,HUMIDITY,PRESSURE,CLOUD,TEMPERATURE) values (to_date('05.03.2017','DD.MM.RRRR'),'CoffsHarbour',9,'WSW',13,83,1009.5,1,23.7);
Insert into WEATHER_HOURLY (WEATHER_DATE,LOCATION_CODE,TIME,WIND_DIR,WIND_SPEED,HUMIDITY,PRESSURE,CLOUD,TEMPERATURE) values (to_date('05.03.2017','DD.MM.RRRR'),'CoffsHarbour',15,'ENE',4,87,1006.9,8,24);
Insert into WEATHER_HOURLY (WEATHER_DATE,LOCATION_CODE,TIME,WIND_DIR,WIND_SPEED,HUMIDITY,PRESSURE,CLOUD,TEMPERATURE) values (to_date('06.03.2017','DD.MM.RRRR'),'CoffsHarbour',9,'SSW',22,75,1010,null,23.8);
Insert into WEATHER_HOURLY (WEATHER_DATE,LOCATION_CODE,TIME,WIND_DIR,WIND_SPEED,HUMIDITY,PRESSURE,CLOUD,TEMPERATURE) values (to_date('06.03.2017','DD.MM.RRRR'),'CoffsHarbour',15,'S',30,49,1009.1,2,28);
Insert into WEATHER_HOURLY (WEATHER_DATE,LOCATION_CODE,TIME,WIND_DIR,WIND_SPEED,HUMIDITY,PRESSURE,CLOUD,TEMPERATURE) values (to_date('15.03.2017','DD.MM.RRRR'),'CoffsHarbour',9,'SW',22,95,1017.5,8,20.2);
Insert into WEATHER_HOURLY (WEATHER_DATE,LOCATION_CODE,TIME,WIND_DIR,WIND_SPEED,HUMIDITY,PRESSURE,CLOUD,TEMPERATURE) values (to_date('15.03.2017','DD.MM.RRRR'),'CoffsHarbour',15,'WSW',19,94,1015,8,20.8);
Insert into WEATHER_HOURLY (WEATHER_DATE,LOCATION_CODE,TIME,WIND_DIR,WIND_SPEED,HUMIDITY,PRESSURE,CLOUD,TEMPERATURE) values (to_date('16.03.2017','DD.MM.RRRR'),'CoffsHarbour',9,'ENE',6,95,1012.3,1,21.9);
Insert into WEATHER_HOURLY (WEATHER_DATE,LOCATION_CODE,TIME,WIND_DIR,WIND_SPEED,HUMIDITY,PRESSURE,CLOUD,TEMPERATURE) values (to_date('16.03.2017','DD.MM.RRRR'),'CoffsHarbour',15,'NNE',13,79,1010.3,null,26.4);
Insert into WEATHER_HOURLY (WEATHER_DATE,LOCATION_CODE,TIME,WIND_DIR,WIND_SPEED,HUMIDITY,PRESSURE,CLOUD,TEMPERATURE) values (to_date('18.03.2017','DD.MM.RRRR'),'CoffsHarbour',9,'SE',41,85,1013.9,8,24.7);
Insert into WEATHER_HOURLY (WEATHER_DATE,LOCATION_CODE,TIME,WIND_DIR,WIND_SPEED,HUMIDITY,PRESSURE,CLOUD,TEMPERATURE) values (to_date('18.03.2017','DD.MM.RRRR'),'CoffsHarbour',15,'SSE',37,92,1012.2,8,24);
Insert into WEATHER_HOURLY (WEATHER_DATE,LOCATION_CODE,TIME,WIND_DIR,WIND_SPEED,HUMIDITY,PRESSURE,CLOUD,TEMPERATURE) values (to_date('19.03.2017','DD.MM.RRRR'),'CoffsHarbour',9,'N',15,75,1019,7,25.9);
Insert into WEATHER_HOURLY (WEATHER_DATE,LOCATION_CODE,TIME,WIND_DIR,WIND_SPEED,HUMIDITY,PRESSURE,CLOUD,TEMPERATURE) values (to_date('19.03.2017','DD.MM.RRRR'),'CoffsHarbour',15,'NNE',6,90,1018.1,8,24.2);
Insert into WEATHER_HOURLY (WEATHER_DATE,LOCATION_CODE,TIME,WIND_DIR,WIND_SPEED,HUMIDITY,PRESSURE,CLOUD,TEMPERATURE) values (to_date('20.03.2017','DD.MM.RRRR'),'CoffsHarbour',9,'NE',20,84,1019.4,8,24.4);
Insert into WEATHER_HOURLY (WEATHER_DATE,LOCATION_CODE,TIME,WIND_DIR,WIND_SPEED,HUMIDITY,PRESSURE,CLOUD,TEMPERATURE) values (to_date('20.03.2017','DD.MM.RRRR'),'CoffsHarbour',15,'NE',22,79,1017.3,8,25.5);
Insert into WEATHER_HOURLY (WEATHER_DATE,LOCATION_CODE,TIME,WIND_DIR,WIND_SPEED,HUMIDITY,PRESSURE,CLOUD,TEMPERATURE) values (to_date('31.03.2017','DD.MM.RRRR'),'CoffsHarbour',9,'SW',41,78,1009.5,null,20.7);
Insert into WEATHER_HOURLY (WEATHER_DATE,LOCATION_CODE,TIME,WIND_DIR,WIND_SPEED,HUMIDITY,PRESSURE,CLOUD,TEMPERATURE) values (to_date('31.03.2017','DD.MM.RRRR'),'CoffsHarbour',15,'SSW',33,65,1010.8,8,24);
Insert into WEATHER_HOURLY (WEATHER_DATE,LOCATION_CODE,TIME,WIND_DIR,WIND_SPEED,HUMIDITY,PRESSURE,CLOUD,TEMPERATURE) values (to_date('05.04.2017','DD.MM.RRRR'),'CoffsHarbour',9,'SW',15,87,1023.9,8,16.8);
Insert into WEATHER_HOURLY (WEATHER_DATE,LOCATION_CODE,TIME,WIND_DIR,WIND_SPEED,HUMIDITY,PRESSURE,CLOUD,TEMPERATURE) values (to_date('05.04.2017','DD.MM.RRRR'),'CoffsHarbour',15,'S',28,59,1020.9,8,22.1);
Insert into WEATHER_HOURLY (WEATHER_DATE,LOCATION_CODE,TIME,WIND_DIR,WIND_SPEED,HUMIDITY,PRESSURE,CLOUD,TEMPERATURE) values (to_date('07.04.2017','DD.MM.RRRR'),'CoffsHarbour',9,'WSW',19,74,1026.1,null,20.6);
Insert into WEATHER_HOURLY (WEATHER_DATE,LOCATION_CODE,TIME,WIND_DIR,WIND_SPEED,HUMIDITY,PRESSURE,CLOUD,TEMPERATURE) values (to_date('07.04.2017','DD.MM.RRRR'),'CoffsHarbour',15,'SW',15,85,1024.3,8,18.1);
Insert into WEATHER_HOURLY (WEATHER_DATE,LOCATION_CODE,TIME,WIND_DIR,WIND_SPEED,HUMIDITY,PRESSURE,CLOUD,TEMPERATURE) values (to_date('08.04.2017','DD.MM.RRRR'),'CoffsHarbour',9,'WSW',13,84,1025.9,8,19.1);
Insert into WEATHER_HOURLY (WEATHER_DATE,LOCATION_CODE,TIME,WIND_DIR,WIND_SPEED,HUMIDITY,PRESSURE,CLOUD,TEMPERATURE) values (to_date('08.04.2017','DD.MM.RRRR'),'CoffsHarbour',15,'SSE',13,63,1022.2,7,22.7);
Insert into WEATHER_HOURLY (WEATHER_DATE,LOCATION_CODE,TIME,WIND_DIR,WIND_SPEED,HUMIDITY,PRESSURE,CLOUD,TEMPERATURE) values (to_date('04.05.2017','DD.MM.RRRR'),'CoffsHarbour',9,'SW',26,88,1029.9,8,16.4);
Insert into WEATHER_HOURLY (WEATHER_DATE,LOCATION_CODE,TIME,WIND_DIR,WIND_SPEED,HUMIDITY,PRESSURE,CLOUD,TEMPERATURE) values (to_date('04.05.2017','DD.MM.RRRR'),'CoffsHarbour',15,'SSW',17,66,1027.8,8,20.5);
Insert into WEATHER_HOURLY (WEATHER_DATE,LOCATION_CODE,TIME,WIND_DIR,WIND_SPEED,HUMIDITY,PRESSURE,CLOUD,TEMPERATURE) values (to_date('14.05.2017','DD.MM.RRRR'),'CoffsHarbour',9,'SSW',13,95,1021.1,8,15.9);
Insert into WEATHER_HOURLY (WEATHER_DATE,LOCATION_CODE,TIME,WIND_DIR,WIND_SPEED,HUMIDITY,PRESSURE,CLOUD,TEMPERATURE) values (to_date('14.05.2017','DD.MM.RRRR'),'CoffsHarbour',15,'SW',17,95,1016.6,8,16.9);
Insert into WEATHER_HOURLY (WEATHER_DATE,LOCATION_CODE,TIME,WIND_DIR,WIND_SPEED,HUMIDITY,PRESSURE,CLOUD,TEMPERATURE) values (to_date('15.05.2017','DD.MM.RRRR'),'CoffsHarbour',9,'SW',15,67,1014.4,null,19);
Insert into WEATHER_HOURLY (WEATHER_DATE,LOCATION_CODE,TIME,WIND_DIR,WIND_SPEED,HUMIDITY,PRESSURE,CLOUD,TEMPERATURE) values (to_date('15.05.2017','DD.MM.RRRR'),'CoffsHarbour',15,'W',7,58,1012.2,8,22);
Insert into WEATHER_HOURLY (WEATHER_DATE,LOCATION_CODE,TIME,WIND_DIR,WIND_SPEED,HUMIDITY,PRESSURE,CLOUD,TEMPERATURE) values (to_date('10.06.2017','DD.MM.RRRR'),'CoffsHarbour',9,'SSW',30,95,1027.9,8,14.3);
Insert into WEATHER_HOURLY (WEATHER_DATE,LOCATION_CODE,TIME,WIND_DIR,WIND_SPEED,HUMIDITY,PRESSURE,CLOUD,TEMPERATURE) values (to_date('10.06.2017','DD.MM.RRRR'),'CoffsHarbour',15,'SW',19,86,1026.2,7,16.6);
Insert into WEATHER_HOURLY (WEATHER_DATE,LOCATION_CODE,TIME,WIND_DIR,WIND_SPEED,HUMIDITY,PRESSURE,CLOUD,TEMPERATURE) values (to_date('11.06.2017','DD.MM.RRRR'),'CoffsHarbour',9,'WNW',11,94,1027.2,8,16.3);
Insert into WEATHER_HOURLY (WEATHER_DATE,LOCATION_CODE,TIME,WIND_DIR,WIND_SPEED,HUMIDITY,PRESSURE,CLOUD,TEMPERATURE) values (to_date('11.06.2017','DD.MM.RRRR'),'CoffsHarbour',15,'W',11,93,1024.1,8,16.6);
Insert into WEATHER_HOURLY (WEATHER_DATE,LOCATION_CODE,TIME,WIND_DIR,WIND_SPEED,HUMIDITY,PRESSURE,CLOUD,TEMPERATURE) values (to_date('12.06.2017','DD.MM.RRRR'),'CoffsHarbour',9,'SW',20,93,1023.5,8,14.6);
Insert into WEATHER_HOURLY (WEATHER_DATE,LOCATION_CODE,TIME,WIND_DIR,WIND_SPEED,HUMIDITY,PRESSURE,CLOUD,TEMPERATURE) values (to_date('12.06.2017','DD.MM.RRRR'),'CoffsHarbour',15,'SW',17,93,1021.2,8,15);
Insert into WEATHER_HOURLY (WEATHER_DATE,LOCATION_CODE,TIME,WIND_DIR,WIND_SPEED,HUMIDITY,PRESSURE,CLOUD,TEMPERATURE) values (to_date('13.06.2017','DD.MM.RRRR'),'CoffsHarbour',9,'SW',24,87,1024.9,4,16.6);
Insert into WEATHER_HOURLY (WEATHER_DATE,LOCATION_CODE,TIME,WIND_DIR,WIND_SPEED,HUMIDITY,PRESSURE,CLOUD,TEMPERATURE) values (to_date('13.06.2017','DD.MM.RRRR'),'CoffsHarbour',15,'S',31,66,1024.4,1,20.5);
Insert into WEATHER_HOURLY (WEATHER_DATE,LOCATION_CODE,TIME,WIND_DIR,WIND_SPEED,HUMIDITY,PRESSURE,CLOUD,TEMPERATURE) values (to_date('18.06.2017','DD.MM.RRRR'),'CoffsHarbour',9,'WSW',20,72,1021.2,null,17.4);
Insert into WEATHER_HOURLY (WEATHER_DATE,LOCATION_CODE,TIME,WIND_DIR,WIND_SPEED,HUMIDITY,PRESSURE,CLOUD,TEMPERATURE) values (to_date('18.06.2017','DD.MM.RRRR'),'CoffsHarbour',15,'SW',35,61,1019.6,null,19.7);
Insert into WEATHER_HOURLY (WEATHER_DATE,LOCATION_CODE,TIME,WIND_DIR,WIND_SPEED,HUMIDITY,PRESSURE,CLOUD,TEMPERATURE) values (to_date('26.02.2017','DD.MM.RRRR'),'NorahHead',9,'S',26,82,1021.1,null,20.9);
Insert into WEATHER_HOURLY (WEATHER_DATE,LOCATION_CODE,TIME,WIND_DIR,WIND_SPEED,HUMIDITY,PRESSURE,CLOUD,TEMPERATURE) values (to_date('26.02.2017','DD.MM.RRRR'),'NorahHead',15,'SSW',24,74,1020.7,null,23.1);
Insert into WEATHER_HOURLY (WEATHER_DATE,LOCATION_CODE,TIME,WIND_DIR,WIND_SPEED,HUMIDITY,PRESSURE,CLOUD,TEMPERATURE) values (to_date('28.02.2017','DD.MM.RRRR'),'NorahHead',9,'NE',7,100,1022.3,null,20.4);
Insert into WEATHER_HOURLY (WEATHER_DATE,LOCATION_CODE,TIME,WIND_DIR,WIND_SPEED,HUMIDITY,PRESSURE,CLOUD,TEMPERATURE) values (to_date('28.02.2017','DD.MM.RRRR'),'NorahHead',15,'SSE',11,83,1020.7,null,24.9);
Insert into WEATHER_HOURLY (WEATHER_DATE,LOCATION_CODE,TIME,WIND_DIR,WIND_SPEED,HUMIDITY,PRESSURE,CLOUD,TEMPERATURE) values (to_date('01.03.2017','DD.MM.RRRR'),'NorahHead',9,'NA',0,100,1020.2,null,22.4);
Insert into WEATHER_HOURLY (WEATHER_DATE,LOCATION_CODE,TIME,WIND_DIR,WIND_SPEED,HUMIDITY,PRESSURE,CLOUD,TEMPERATURE) values (to_date('01.03.2017','DD.MM.RRRR'),'NorahHead',15,'S',17,86,1018.7,null,24.6);
Insert into WEATHER_HOURLY (WEATHER_DATE,LOCATION_CODE,TIME,WIND_DIR,WIND_SPEED,HUMIDITY,PRESSURE,CLOUD,TEMPERATURE) values (to_date('03.03.2017','DD.MM.RRRR'),'NorahHead',9,'SSW',15,95,1015.9,null,23);
Insert into WEATHER_HOURLY (WEATHER_DATE,LOCATION_CODE,TIME,WIND_DIR,WIND_SPEED,HUMIDITY,PRESSURE,CLOUD,TEMPERATURE) values (to_date('03.03.2017','DD.MM.RRRR'),'NorahHead',15,'SW',11,97,1015.2,null,21.9);
Insert into WEATHER_HOURLY (WEATHER_DATE,LOCATION_CODE,TIME,WIND_DIR,WIND_SPEED,HUMIDITY,PRESSURE,CLOUD,TEMPERATURE) values (to_date('04.03.2017','DD.MM.RRRR'),'NorahHead',9,'S',35,98,1013.4,null,22.1);
Insert into WEATHER_HOURLY (WEATHER_DATE,LOCATION_CODE,TIME,WIND_DIR,WIND_SPEED,HUMIDITY,PRESSURE,CLOUD,TEMPERATURE) values (to_date('04.03.2017','DD.MM.RRRR'),'NorahHead',15,'S',44,97,1011.2,null,23);
Insert into WEATHER_HOURLY (WEATHER_DATE,LOCATION_CODE,TIME,WIND_DIR,WIND_SPEED,HUMIDITY,PRESSURE,CLOUD,TEMPERATURE) values (to_date('08.03.2017','DD.MM.RRRR'),'NorahHead',9,'SSE',33,66,1017.6,null,20.9);
Insert into WEATHER_HOURLY (WEATHER_DATE,LOCATION_CODE,TIME,WIND_DIR,WIND_SPEED,HUMIDITY,PRESSURE,CLOUD,TEMPERATURE) values (to_date('08.03.2017','DD.MM.RRRR'),'NorahHead',15,'SSE',43,81,1016.5,null,20.6);
Insert into WEATHER_HOURLY (WEATHER_DATE,LOCATION_CODE,TIME,WIND_DIR,WIND_SPEED,HUMIDITY,PRESSURE,CLOUD,TEMPERATURE) values (to_date('14.03.2017','DD.MM.RRRR'),'NorahHead',9,'E',26,98,1018.8,null,21.3);
Insert into WEATHER_HOURLY (WEATHER_DATE,LOCATION_CODE,TIME,WIND_DIR,WIND_SPEED,HUMIDITY,PRESSURE,CLOUD,TEMPERATURE) values (to_date('14.03.2017','DD.MM.RRRR'),'NorahHead',15,'ESE',35,96,1019,null,21.9);
Insert into WEATHER_HOURLY (WEATHER_DATE,LOCATION_CODE,TIME,WIND_DIR,WIND_SPEED,HUMIDITY,PRESSURE,CLOUD,TEMPERATURE) values (to_date('15.03.2017','DD.MM.RRRR'),'NorahHead',9,'E',30,100,1019.9,null,21.7);
Insert into WEATHER_HOURLY (WEATHER_DATE,LOCATION_CODE,TIME,WIND_DIR,WIND_SPEED,HUMIDITY,PRESSURE,CLOUD,TEMPERATURE) values (to_date('15.03.2017','DD.MM.RRRR'),'NorahHead',15,'ENE',30,81,1018.1,null,25.6);
Insert into WEATHER_HOURLY (WEATHER_DATE,LOCATION_CODE,TIME,WIND_DIR,WIND_SPEED,HUMIDITY,PRESSURE,CLOUD,TEMPERATURE) values (to_date('16.03.2017','DD.MM.RRRR'),'NorahHead',9,'ENE',39,100,1012.1,null,23.1);
Insert into WEATHER_HOURLY (WEATHER_DATE,LOCATION_CODE,TIME,WIND_DIR,WIND_SPEED,HUMIDITY,PRESSURE,CLOUD,TEMPERATURE) values (to_date('16.03.2017','DD.MM.RRRR'),'NorahHead',15,'NE',31,91,1008.9,null,25.4);
Insert into WEATHER_HOURLY (WEATHER_DATE,LOCATION_CODE,TIME,WIND_DIR,WIND_SPEED,HUMIDITY,PRESSURE,CLOUD,TEMPERATURE) values (to_date('18.03.2017','DD.MM.RRRR'),'NorahHead',9,'SSE',43,93,1021.2,null,23.1);
Insert into WEATHER_HOURLY (WEATHER_DATE,LOCATION_CODE,TIME,WIND_DIR,WIND_SPEED,HUMIDITY,PRESSURE,CLOUD,TEMPERATURE) values (to_date('18.03.2017','DD.MM.RRRR'),'NorahHead',15,'SE',24,92,1021.1,null,23.4);
Insert into WEATHER_HOURLY (WEATHER_DATE,LOCATION_CODE,TIME,WIND_DIR,WIND_SPEED,HUMIDITY,PRESSURE,CLOUD,TEMPERATURE) values (to_date('31.03.2017','DD.MM.RRRR'),'NorahHead',9,'SW',24,74,1014.8,null,16.8);
Insert into WEATHER_HOURLY (WEATHER_DATE,LOCATION_CODE,TIME,WIND_DIR,WIND_SPEED,HUMIDITY,PRESSURE,CLOUD,TEMPERATURE) values (to_date('31.03.2017','DD.MM.RRRR'),'NorahHead',15,'SSW',43,75,1014.5,null,20.4);
Insert into WEATHER_HOURLY (WEATHER_DATE,LOCATION_CODE,TIME,WIND_DIR,WIND_SPEED,HUMIDITY,PRESSURE,CLOUD,TEMPERATURE) values (to_date('12.04.2017','DD.MM.RRRR'),'NorahHead',9,'SW',17,86,1022.9,null,17.3);
Insert into WEATHER_HOURLY (WEATHER_DATE,LOCATION_CODE,TIME,WIND_DIR,WIND_SPEED,HUMIDITY,PRESSURE,CLOUD,TEMPERATURE) values (to_date('12.04.2017','DD.MM.RRRR'),'NorahHead',15,'S',37,85,1021.4,null,19.2);
Insert into WEATHER_HOURLY (WEATHER_DATE,LOCATION_CODE,TIME,WIND_DIR,WIND_SPEED,HUMIDITY,PRESSURE,CLOUD,TEMPERATURE) values (to_date('13.04.2017','DD.MM.RRRR'),'NorahHead',9,'WNW',4,97,1023.5,null,17.7);
Insert into WEATHER_HOURLY (WEATHER_DATE,LOCATION_CODE,TIME,WIND_DIR,WIND_SPEED,HUMIDITY,PRESSURE,CLOUD,TEMPERATURE) values (to_date('13.04.2017','DD.MM.RRRR'),'NorahHead',15,'S',24,74,1020.7,null,20.3);
Insert into WEATHER_HOURLY (WEATHER_DATE,LOCATION_CODE,TIME,WIND_DIR,WIND_SPEED,HUMIDITY,PRESSURE,CLOUD,TEMPERATURE) values (to_date('20.05.2017','DD.MM.RRRR'),'NorahHead',9,'N',22,98,1017.4,null,17.8);
Insert into WEATHER_HOURLY (WEATHER_DATE,LOCATION_CODE,TIME,WIND_DIR,WIND_SPEED,HUMIDITY,PRESSURE,CLOUD,TEMPERATURE) values (to_date('20.05.2017','DD.MM.RRRR'),'NorahHead',15,'NE',7,80,1015.6,null,20.9);
Insert into WEATHER_HOURLY (WEATHER_DATE,LOCATION_CODE,TIME,WIND_DIR,WIND_SPEED,HUMIDITY,PRESSURE,CLOUD,TEMPERATURE) values (to_date('07.06.2017','DD.MM.RRRR'),'NorahHead',9,'S',56,100,1017.9,null,14);
Insert into WEATHER_HOURLY (WEATHER_DATE,LOCATION_CODE,TIME,WIND_DIR,WIND_SPEED,HUMIDITY,PRESSURE,CLOUD,TEMPERATURE) values (to_date('07.06.2017','DD.MM.RRRR'),'NorahHead',15,'W',11,95,1018.1,null,14);
Insert into WEATHER_HOURLY (WEATHER_DATE,LOCATION_CODE,TIME,WIND_DIR,WIND_SPEED,HUMIDITY,PRESSURE,CLOUD,TEMPERATURE) values (to_date('08.06.2017','DD.MM.RRRR'),'NorahHead',9,'SSW',22,86,1023,null,17.1);
Insert into WEATHER_HOURLY (WEATHER_DATE,LOCATION_CODE,TIME,WIND_DIR,WIND_SPEED,HUMIDITY,PRESSURE,CLOUD,TEMPERATURE) values (to_date('08.06.2017','DD.MM.RRRR'),'NorahHead',15,'S',39,80,1022,null,17.6);
Insert into WEATHER_HOURLY (WEATHER_DATE,LOCATION_CODE,TIME,WIND_DIR,WIND_SPEED,HUMIDITY,PRESSURE,CLOUD,TEMPERATURE) values (to_date('10.06.2017','DD.MM.RRRR'),'NorahHead',9,'SE',20,75,1030.9,null,18);
Insert into WEATHER_HOURLY (WEATHER_DATE,LOCATION_CODE,TIME,WIND_DIR,WIND_SPEED,HUMIDITY,PRESSURE,CLOUD,TEMPERATURE) values (to_date('10.06.2017','DD.MM.RRRR'),'NorahHead',15,'ESE',17,75,1029.3,null,18.3);
Insert into WEATHER_HOURLY (WEATHER_DATE,LOCATION_CODE,TIME,WIND_DIR,WIND_SPEED,HUMIDITY,PRESSURE,CLOUD,TEMPERATURE) values (to_date('11.06.2017','DD.MM.RRRR'),'NorahHead',9,'WSW',11,100,1028.8,null,14.1);
Insert into WEATHER_HOURLY (WEATHER_DATE,LOCATION_CODE,TIME,WIND_DIR,WIND_SPEED,HUMIDITY,PRESSURE,CLOUD,TEMPERATURE) values (to_date('11.06.2017','DD.MM.RRRR'),'NorahHead',15,'SSW',11,91,1025.7,null,16.7);
Insert into WEATHER_HOURLY (WEATHER_DATE,LOCATION_CODE,TIME,WIND_DIR,WIND_SPEED,HUMIDITY,PRESSURE,CLOUD,TEMPERATURE) values (to_date('19.06.2017','DD.MM.RRRR'),'NorahHead',9,'WSW',11,87,1029.3,null,14.8);
Insert into WEATHER_HOURLY (WEATHER_DATE,LOCATION_CODE,TIME,WIND_DIR,WIND_SPEED,HUMIDITY,PRESSURE,CLOUD,TEMPERATURE) values (to_date('19.06.2017','DD.MM.RRRR'),'NorahHead',15,'SW',15,89,1027.7,null,16.7);
Insert into WEATHER_HOURLY (WEATHER_DATE,LOCATION_CODE,TIME,WIND_DIR,WIND_SPEED,HUMIDITY,PRESSURE,CLOUD,TEMPERATURE) values (to_date('25.01.2017','DD.MM.RRRR'),'NorahHead',9,'S',6,97,1020.1,null,20.4);
Insert into WEATHER_HOURLY (WEATHER_DATE,LOCATION_CODE,TIME,WIND_DIR,WIND_SPEED,HUMIDITY,PRESSURE,CLOUD,TEMPERATURE) values (to_date('25.01.2017','DD.MM.RRRR'),'NorahHead',15,'SSW',6,84,1017.9,null,22.3);
Insert into WEATHER_HOURLY (WEATHER_DATE,LOCATION_CODE,TIME,WIND_DIR,WIND_SPEED,HUMIDITY,PRESSURE,CLOUD,TEMPERATURE) values (to_date('01.02.2017','DD.MM.RRRR'),'NorahHead',9,'SW',11,100,1015.8,null,20.7);
Insert into WEATHER_HOURLY (WEATHER_DATE,LOCATION_CODE,TIME,WIND_DIR,WIND_SPEED,HUMIDITY,PRESSURE,CLOUD,TEMPERATURE) values (to_date('01.02.2017','DD.MM.RRRR'),'NorahHead',15,'S',19,100,1012.2,null,22.1);
Insert into WEATHER_HOURLY (WEATHER_DATE,LOCATION_CODE,TIME,WIND_DIR,WIND_SPEED,HUMIDITY,PRESSURE,CLOUD,TEMPERATURE) values (to_date('08.02.2017','DD.MM.RRRR'),'NorahHead',9,'ESE',24,100,1021.6,null,22.6);
Insert into WEATHER_HOURLY (WEATHER_DATE,LOCATION_CODE,TIME,WIND_DIR,WIND_SPEED,HUMIDITY,PRESSURE,CLOUD,TEMPERATURE) values (to_date('08.02.2017','DD.MM.RRRR'),'NorahHead',15,'E',20,86,1021.3,null,25.3);
Insert into WEATHER_HOURLY (WEATHER_DATE,LOCATION_CODE,TIME,WIND_DIR,WIND_SPEED,HUMIDITY,PRESSURE,CLOUD,TEMPERATURE) values (to_date('15.02.2017','DD.MM.RRRR'),'NorahHead',9,'SSW',11,83,1017.2,null,21.4);
Insert into WEATHER_HOURLY (WEATHER_DATE,LOCATION_CODE,TIME,WIND_DIR,WIND_SPEED,HUMIDITY,PRESSURE,CLOUD,TEMPERATURE) values (to_date('15.02.2017','DD.MM.RRRR'),'NorahHead',15,'E',11,64,1014,null,25.1);
Insert into WEATHER_HOURLY (WEATHER_DATE,LOCATION_CODE,TIME,WIND_DIR,WIND_SPEED,HUMIDITY,PRESSURE,CLOUD,TEMPERATURE) values (to_date('25.01.2017','DD.MM.RRRR'),'Sydney',9,'S',13,68,1020.5,7,21.7);
Insert into WEATHER_HOURLY (WEATHER_DATE,LOCATION_CODE,TIME,WIND_DIR,WIND_SPEED,HUMIDITY,PRESSURE,CLOUD,TEMPERATURE) values (to_date('25.01.2017','DD.MM.RRRR'),'Sydney',15,'S',11,62,1018,8,23.3);
Insert into WEATHER_HOURLY (WEATHER_DATE,LOCATION_CODE,TIME,WIND_DIR,WIND_SPEED,HUMIDITY,PRESSURE,CLOUD,TEMPERATURE) values (to_date('08.02.2017','DD.MM.RRRR'),'Sydney',9,'ESE',37,79,1022.1,7,24.6);
Insert into WEATHER_HOURLY (WEATHER_DATE,LOCATION_CODE,TIME,WIND_DIR,WIND_SPEED,HUMIDITY,PRESSURE,CLOUD,TEMPERATURE) values (to_date('08.02.2017','DD.MM.RRRR'),'Sydney',15,'E',19,85,1021.8,7,23.1);
Insert into WEATHER_HOURLY (WEATHER_DATE,LOCATION_CODE,TIME,WIND_DIR,WIND_SPEED,HUMIDITY,PRESSURE,CLOUD,TEMPERATURE) values (to_date('15.02.2017','DD.MM.RRRR'),'Sydney',9,'WSW',7,66,1017.4,4,21.3);
Insert into WEATHER_HOURLY (WEATHER_DATE,LOCATION_CODE,TIME,WIND_DIR,WIND_SPEED,HUMIDITY,PRESSURE,CLOUD,TEMPERATURE) values (to_date('15.02.2017','DD.MM.RRRR'),'Sydney',15,'E',17,52,1013.6,2,26.1);
Insert into WEATHER_HOURLY (WEATHER_DATE,LOCATION_CODE,TIME,WIND_DIR,WIND_SPEED,HUMIDITY,PRESSURE,CLOUD,TEMPERATURE) values (to_date('26.02.2017','DD.MM.RRRR'),'Sydney',9,'SSE',15,67,1021.8,6,20.7);
Insert into WEATHER_HOURLY (WEATHER_DATE,LOCATION_CODE,TIME,WIND_DIR,WIND_SPEED,HUMIDITY,PRESSURE,CLOUD,TEMPERATURE) values (to_date('26.02.2017','DD.MM.RRRR'),'Sydney',15,'SSW',24,54,1021.8,3,24.3);
Insert into WEATHER_HOURLY (WEATHER_DATE,LOCATION_CODE,TIME,WIND_DIR,WIND_SPEED,HUMIDITY,PRESSURE,CLOUD,TEMPERATURE) values (to_date('27.02.2017','DD.MM.RRRR'),'Sydney',9,'SE',19,60,1024,7,23.3);
Insert into WEATHER_HOURLY (WEATHER_DATE,LOCATION_CODE,TIME,WIND_DIR,WIND_SPEED,HUMIDITY,PRESSURE,CLOUD,TEMPERATURE) values (to_date('27.02.2017','DD.MM.RRRR'),'Sydney',15,'SE',24,47,1022.8,3,25.6);
Insert into WEATHER_HOURLY (WEATHER_DATE,LOCATION_CODE,TIME,WIND_DIR,WIND_SPEED,HUMIDITY,PRESSURE,CLOUD,TEMPERATURE) values (to_date('01.03.2017','DD.MM.RRRR'),'Sydney',9,'SE',9,87,1021,6,21.4);
Insert into WEATHER_HOURLY (WEATHER_DATE,LOCATION_CODE,TIME,WIND_DIR,WIND_SPEED,HUMIDITY,PRESSURE,CLOUD,TEMPERATURE) values (to_date('01.03.2017','DD.MM.RRRR'),'Sydney',15,'ESE',22,67,1019.4,7,25);
Insert into WEATHER_HOURLY (WEATHER_DATE,LOCATION_CODE,TIME,WIND_DIR,WIND_SPEED,HUMIDITY,PRESSURE,CLOUD,TEMPERATURE) values (to_date('03.03.2017','DD.MM.RRRR'),'Sydney',9,'S',6,89,1016.9,7,21.7);
Insert into WEATHER_HOURLY (WEATHER_DATE,LOCATION_CODE,TIME,WIND_DIR,WIND_SPEED,HUMIDITY,PRESSURE,CLOUD,TEMPERATURE) values (to_date('03.03.2017','DD.MM.RRRR'),'Sydney',15,'SE',17,85,1016,8,22.2);
Insert into WEATHER_HOURLY (WEATHER_DATE,LOCATION_CODE,TIME,WIND_DIR,WIND_SPEED,HUMIDITY,PRESSURE,CLOUD,TEMPERATURE) values (to_date('04.03.2017','DD.MM.RRRR'),'Sydney',9,'SE',19,87,1015.2,7,21.5);
Insert into WEATHER_HOURLY (WEATHER_DATE,LOCATION_CODE,TIME,WIND_DIR,WIND_SPEED,HUMIDITY,PRESSURE,CLOUD,TEMPERATURE) values (to_date('04.03.2017','DD.MM.RRRR'),'Sydney',15,'S',20,86,1013.1,7,20.9);
Insert into WEATHER_HOURLY (WEATHER_DATE,LOCATION_CODE,TIME,WIND_DIR,WIND_SPEED,HUMIDITY,PRESSURE,CLOUD,TEMPERATURE) values (to_date('15.03.2017','DD.MM.RRRR'),'Sydney',9,'E',30,76,1020.6,7,22.9);
Insert into WEATHER_HOURLY (WEATHER_DATE,LOCATION_CODE,TIME,WIND_DIR,WIND_SPEED,HUMIDITY,PRESSURE,CLOUD,TEMPERATURE) values (to_date('15.03.2017','DD.MM.RRRR'),'Sydney',15,'E',31,67,1018.7,6,24.8);
Insert into WEATHER_HOURLY (WEATHER_DATE,LOCATION_CODE,TIME,WIND_DIR,WIND_SPEED,HUMIDITY,PRESSURE,CLOUD,TEMPERATURE) values (to_date('17.03.2017','DD.MM.RRRR'),'Sydney',9,'SSW',26,83,1018.4,8,20.3);
Insert into WEATHER_HOURLY (WEATHER_DATE,LOCATION_CODE,TIME,WIND_DIR,WIND_SPEED,HUMIDITY,PRESSURE,CLOUD,TEMPERATURE) values (to_date('17.03.2017','DD.MM.RRRR'),'Sydney',15,'S',35,81,1020.6,8,20.5);
Insert into WEATHER_HOURLY (WEATHER_DATE,LOCATION_CODE,TIME,WIND_DIR,WIND_SPEED,HUMIDITY,PRESSURE,CLOUD,TEMPERATURE) values (to_date('18.03.2017','DD.MM.RRRR'),'Sydney',9,'SE',24,88,1022.9,8,21.8);
Insert into WEATHER_HOURLY (WEATHER_DATE,LOCATION_CODE,TIME,WIND_DIR,WIND_SPEED,HUMIDITY,PRESSURE,CLOUD,TEMPERATURE) values (to_date('18.03.2017','DD.MM.RRRR'),'Sydney',15,'ESE',22,79,1022.2,7,24.1);
Insert into WEATHER_HOURLY (WEATHER_DATE,LOCATION_CODE,TIME,WIND_DIR,WIND_SPEED,HUMIDITY,PRESSURE,CLOUD,TEMPERATURE) values (to_date('22.03.2017','DD.MM.RRRR'),'Sydney',9,'SE',4,82,1012.6,7,23.9);
Insert into WEATHER_HOURLY (WEATHER_DATE,LOCATION_CODE,TIME,WIND_DIR,WIND_SPEED,HUMIDITY,PRESSURE,CLOUD,TEMPERATURE) values (to_date('22.03.2017','DD.MM.RRRR'),'Sydney',15,'E',19,57,1010.7,6,29.8);
Insert into WEATHER_HOURLY (WEATHER_DATE,LOCATION_CODE,TIME,WIND_DIR,WIND_SPEED,HUMIDITY,PRESSURE,CLOUD,TEMPERATURE) values (to_date('23.03.2017','DD.MM.RRRR'),'Sydney',9,'SSW',19,72,1018.5,7,21.5);
Insert into WEATHER_HOURLY (WEATHER_DATE,LOCATION_CODE,TIME,WIND_DIR,WIND_SPEED,HUMIDITY,PRESSURE,CLOUD,TEMPERATURE) values (to_date('23.03.2017','DD.MM.RRRR'),'Sydney',15,'SSW',20,71,1017.4,8,22.2);
Insert into WEATHER_HOURLY (WEATHER_DATE,LOCATION_CODE,TIME,WIND_DIR,WIND_SPEED,HUMIDITY,PRESSURE,CLOUD,TEMPERATURE) values (to_date('24.03.2017','DD.MM.RRRR'),'Sydney',9,'W',13,85,1019.9,2,20.4);
Insert into WEATHER_HOURLY (WEATHER_DATE,LOCATION_CODE,TIME,WIND_DIR,WIND_SPEED,HUMIDITY,PRESSURE,CLOUD,TEMPERATURE) values (to_date('24.03.2017','DD.MM.RRRR'),'Sydney',15,'SSW',20,70,1019.1,7,21.7);
Insert into WEATHER_HOURLY (WEATHER_DATE,LOCATION_CODE,TIME,WIND_DIR,WIND_SPEED,HUMIDITY,PRESSURE,CLOUD,TEMPERATURE) values (to_date('31.03.2017','DD.MM.RRRR'),'Sydney',9,'W',20,56,1016.4,4,16.9);
Insert into WEATHER_HOURLY (WEATHER_DATE,LOCATION_CODE,TIME,WIND_DIR,WIND_SPEED,HUMIDITY,PRESSURE,CLOUD,TEMPERATURE) values (to_date('31.03.2017','DD.MM.RRRR'),'Sydney',15,'S',28,53,1015.6,2,21.6);
Insert into WEATHER_HOURLY (WEATHER_DATE,LOCATION_CODE,TIME,WIND_DIR,WIND_SPEED,HUMIDITY,PRESSURE,CLOUD,TEMPERATURE) values (to_date('03.04.2017','DD.MM.RRRR'),'Sydney',9,'W',19,90,1028.4,8,15.7);
Insert into WEATHER_HOURLY (WEATHER_DATE,LOCATION_CODE,TIME,WIND_DIR,WIND_SPEED,HUMIDITY,PRESSURE,CLOUD,TEMPERATURE) values (to_date('03.04.2017','DD.MM.RRRR'),'Sydney',15,'ESE',24,49,1026.3,7,21.8);
Insert into WEATHER_HOURLY (WEATHER_DATE,LOCATION_CODE,TIME,WIND_DIR,WIND_SPEED,HUMIDITY,PRESSURE,CLOUD,TEMPERATURE) values (to_date('13.04.2017','DD.MM.RRRR'),'Sydney',9,'W',17,80,1023.8,4,17.3);
Insert into WEATHER_HOURLY (WEATHER_DATE,LOCATION_CODE,TIME,WIND_DIR,WIND_SPEED,HUMIDITY,PRESSURE,CLOUD,TEMPERATURE) values (to_date('13.04.2017','DD.MM.RRRR'),'Sydney',15,'SSE',20,51,1020.9,3,22.6);
Insert into WEATHER_HOURLY (WEATHER_DATE,LOCATION_CODE,TIME,WIND_DIR,WIND_SPEED,HUMIDITY,PRESSURE,CLOUD,TEMPERATURE) values (to_date('20.05.2017','DD.MM.RRRR'),'Sydney',9,'NW',11,86,1017.9,8,17.5);
Insert into WEATHER_HOURLY (WEATHER_DATE,LOCATION_CODE,TIME,WIND_DIR,WIND_SPEED,HUMIDITY,PRESSURE,CLOUD,TEMPERATURE) values (to_date('20.05.2017','DD.MM.RRRR'),'Sydney',15,'WNW',9,58,1015.4,3,22.8);
Insert into WEATHER_HOURLY (WEATHER_DATE,LOCATION_CODE,TIME,WIND_DIR,WIND_SPEED,HUMIDITY,PRESSURE,CLOUD,TEMPERATURE) values (to_date('07.06.2017','DD.MM.RRRR'),'Sydney',9,'SSW',24,82,1020.2,8,13.3);
Insert into WEATHER_HOURLY (WEATHER_DATE,LOCATION_CODE,TIME,WIND_DIR,WIND_SPEED,HUMIDITY,PRESSURE,CLOUD,TEMPERATURE) values (to_date('07.06.2017','DD.MM.RRRR'),'Sydney',15,'S',17,85,1019.6,8,14.2);
Insert into WEATHER_HOURLY (WEATHER_DATE,LOCATION_CODE,TIME,WIND_DIR,WIND_SPEED,HUMIDITY,PRESSURE,CLOUD,TEMPERATURE) values (to_date('08.06.2017','DD.MM.RRRR'),'Sydney',9,'W',17,91,1024.2,5,13.3);
Insert into WEATHER_HOURLY (WEATHER_DATE,LOCATION_CODE,TIME,WIND_DIR,WIND_SPEED,HUMIDITY,PRESSURE,CLOUD,TEMPERATURE) values (to_date('08.06.2017','DD.MM.RRRR'),'Sydney',15,'S',15,84,1023.4,6,16.9);
Insert into WEATHER_HOURLY (WEATHER_DATE,LOCATION_CODE,TIME,WIND_DIR,WIND_SPEED,HUMIDITY,PRESSURE,CLOUD,TEMPERATURE) values (to_date('10.06.2017','DD.MM.RRRR'),'Sydney',9,'SE',17,85,1031.9,7,15.8);
Insert into WEATHER_HOURLY (WEATHER_DATE,LOCATION_CODE,TIME,WIND_DIR,WIND_SPEED,HUMIDITY,PRESSURE,CLOUD,TEMPERATURE) values (to_date('10.06.2017','DD.MM.RRRR'),'Sydney',15,'SSE',15,70,1030.2,7,17.5);
Insert into WEATHER_HOURLY (WEATHER_DATE,LOCATION_CODE,TIME,WIND_DIR,WIND_SPEED,HUMIDITY,PRESSURE,CLOUD,TEMPERATURE) values (to_date('06.01.2017','DD.MM.RRRR'),'Wollongong',9,'N',17,93,1018.8,5,20);
Insert into WEATHER_HOURLY (WEATHER_DATE,LOCATION_CODE,TIME,WIND_DIR,WIND_SPEED,HUMIDITY,PRESSURE,CLOUD,TEMPERATURE) values (to_date('06.01.2017','DD.MM.RRRR'),'Wollongong',15,'ESE',7,76,1018.1,8,24.6);
Insert into WEATHER_HOURLY (WEATHER_DATE,LOCATION_CODE,TIME,WIND_DIR,WIND_SPEED,HUMIDITY,PRESSURE,CLOUD,TEMPERATURE) values (to_date('08.02.2017','DD.MM.RRRR'),'Wollongong',9,'ESE',31,89,1023.3,8,22.6);
Insert into WEATHER_HOURLY (WEATHER_DATE,LOCATION_CODE,TIME,WIND_DIR,WIND_SPEED,HUMIDITY,PRESSURE,CLOUD,TEMPERATURE) values (to_date('08.02.2017','DD.MM.RRRR'),'Wollongong',15,'E',24,85,1022.8,8,23.8);
Insert into WEATHER_HOURLY (WEATHER_DATE,LOCATION_CODE,TIME,WIND_DIR,WIND_SPEED,HUMIDITY,PRESSURE,CLOUD,TEMPERATURE) values (to_date('14.02.2017','DD.MM.RRRR'),'Wollongong',9,'SSW',35,88,1015.4,8,18.8);
Insert into WEATHER_HOURLY (WEATHER_DATE,LOCATION_CODE,TIME,WIND_DIR,WIND_SPEED,HUMIDITY,PRESSURE,CLOUD,TEMPERATURE) values (to_date('14.02.2017','DD.MM.RRRR'),'Wollongong',15,'SSE',31,76,1016.7,8,20);
Insert into WEATHER_HOURLY (WEATHER_DATE,LOCATION_CODE,TIME,WIND_DIR,WIND_SPEED,HUMIDITY,PRESSURE,CLOUD,TEMPERATURE) values (to_date('19.02.2017','DD.MM.RRRR'),'Wollongong',9,'SW',22,74,1009.3,6,18.9);
Insert into WEATHER_HOURLY (WEATHER_DATE,LOCATION_CODE,TIME,WIND_DIR,WIND_SPEED,HUMIDITY,PRESSURE,CLOUD,TEMPERATURE) values (to_date('19.02.2017','DD.MM.RRRR'),'Wollongong',15,'E',7,60,1006.3,null,22.7);
Insert into WEATHER_HOURLY (WEATHER_DATE,LOCATION_CODE,TIME,WIND_DIR,WIND_SPEED,HUMIDITY,PRESSURE,CLOUD,TEMPERATURE) values (to_date('26.02.2017','DD.MM.RRRR'),'Wollongong',9,'SW',22,73,1022.9,8,20.3);
Insert into WEATHER_HOURLY (WEATHER_DATE,LOCATION_CODE,TIME,WIND_DIR,WIND_SPEED,HUMIDITY,PRESSURE,CLOUD,TEMPERATURE) values (to_date('26.02.2017','DD.MM.RRRR'),'Wollongong',15,'S',28,59,1022.8,1,22.4);
Insert into WEATHER_HOURLY (WEATHER_DATE,LOCATION_CODE,TIME,WIND_DIR,WIND_SPEED,HUMIDITY,PRESSURE,CLOUD,TEMPERATURE) values (to_date('28.02.2017','DD.MM.RRRR'),'Wollongong',9,'SW',15,91,1023.6,8,21.4);
Insert into WEATHER_HOURLY (WEATHER_DATE,LOCATION_CODE,TIME,WIND_DIR,WIND_SPEED,HUMIDITY,PRESSURE,CLOUD,TEMPERATURE) values (to_date('28.02.2017','DD.MM.RRRR'),'Wollongong',15,'ENE',19,72,1022.2,null,25.2);
Insert into WEATHER_HOURLY (WEATHER_DATE,LOCATION_CODE,TIME,WIND_DIR,WIND_SPEED,HUMIDITY,PRESSURE,CLOUD,TEMPERATURE) values (to_date('02.03.2017','DD.MM.RRRR'),'Wollongong',9,'SW',15,92,1018.3,6,21.4);
Insert into WEATHER_HOURLY (WEATHER_DATE,LOCATION_CODE,TIME,WIND_DIR,WIND_SPEED,HUMIDITY,PRESSURE,CLOUD,TEMPERATURE) values (to_date('02.03.2017','DD.MM.RRRR'),'Wollongong',15,'NE',13,75,1016.6,7,24);
Insert into WEATHER_HOURLY (WEATHER_DATE,LOCATION_CODE,TIME,WIND_DIR,WIND_SPEED,HUMIDITY,PRESSURE,CLOUD,TEMPERATURE) values (to_date('03.03.2017','DD.MM.RRRR'),'Wollongong',9,'SE',20,91,1017.7,8,22.6);
Insert into WEATHER_HOURLY (WEATHER_DATE,LOCATION_CODE,TIME,WIND_DIR,WIND_SPEED,HUMIDITY,PRESSURE,CLOUD,TEMPERATURE) values (to_date('03.03.2017','DD.MM.RRRR'),'Wollongong',15,'E',24,92,1017.4,8,21.4);
Insert into WEATHER_HOURLY (WEATHER_DATE,LOCATION_CODE,TIME,WIND_DIR,WIND_SPEED,HUMIDITY,PRESSURE,CLOUD,TEMPERATURE) values (to_date('04.03.2017','DD.MM.RRRR'),'Wollongong',9,'SW',19,90,1016.6,8,20.3);
Insert into WEATHER_HOURLY (WEATHER_DATE,LOCATION_CODE,TIME,WIND_DIR,WIND_SPEED,HUMIDITY,PRESSURE,CLOUD,TEMPERATURE) values (to_date('04.03.2017','DD.MM.RRRR'),'Wollongong',15,'S',30,89,1014.4,8,21.4);
Insert into WEATHER_HOURLY (WEATHER_DATE,LOCATION_CODE,TIME,WIND_DIR,WIND_SPEED,HUMIDITY,PRESSURE,CLOUD,TEMPERATURE) values (to_date('05.03.2017','DD.MM.RRRR'),'Wollongong',9,'SW',17,90,1010.7,8,19.3);
Insert into WEATHER_HOURLY (WEATHER_DATE,LOCATION_CODE,TIME,WIND_DIR,WIND_SPEED,HUMIDITY,PRESSURE,CLOUD,TEMPERATURE) values (to_date('05.03.2017','DD.MM.RRRR'),'Wollongong',15,'SSW',39,74,1010.1,8,22.3);
Insert into WEATHER_HOURLY (WEATHER_DATE,LOCATION_CODE,TIME,WIND_DIR,WIND_SPEED,HUMIDITY,PRESSURE,CLOUD,TEMPERATURE) values (to_date('15.03.2017','DD.MM.RRRR'),'Wollongong',9,'E',30,85,1021.7,8,22.5);
Insert into WEATHER_HOURLY (WEATHER_DATE,LOCATION_CODE,TIME,WIND_DIR,WIND_SPEED,HUMIDITY,PRESSURE,CLOUD,TEMPERATURE) values (to_date('15.03.2017','DD.MM.RRRR'),'Wollongong',15,'ENE',26,77,1019.4,8,24.1);
Insert into WEATHER_HOURLY (WEATHER_DATE,LOCATION_CODE,TIME,WIND_DIR,WIND_SPEED,HUMIDITY,PRESSURE,CLOUD,TEMPERATURE) values (to_date('16.03.2017','DD.MM.RRRR'),'Wollongong',9,'NNE',24,93,1013.9,8,21.8);
Insert into WEATHER_HOURLY (WEATHER_DATE,LOCATION_CODE,TIME,WIND_DIR,WIND_SPEED,HUMIDITY,PRESSURE,CLOUD,TEMPERATURE) values (to_date('16.03.2017','DD.MM.RRRR'),'Wollongong',15,'ESE',39,96,1010.9,8,22.2);
Insert into WEATHER_HOURLY (WEATHER_DATE,LOCATION_CODE,TIME,WIND_DIR,WIND_SPEED,HUMIDITY,PRESSURE,CLOUD,TEMPERATURE) values (to_date('17.03.2017','DD.MM.RRRR'),'Wollongong',9,'SSW',35,81,1019.9,8,19.8);
Insert into WEATHER_HOURLY (WEATHER_DATE,LOCATION_CODE,TIME,WIND_DIR,WIND_SPEED,HUMIDITY,PRESSURE,CLOUD,TEMPERATURE) values (to_date('17.03.2017','DD.MM.RRRR'),'Wollongong',15,'SW',35,81,1022.2,8,19.4);
Insert into WEATHER_HOURLY (WEATHER_DATE,LOCATION_CODE,TIME,WIND_DIR,WIND_SPEED,HUMIDITY,PRESSURE,CLOUD,TEMPERATURE) values (to_date('18.03.2017','DD.MM.RRRR'),'Wollongong',9,'SE',35,84,1025,8,22.1);
Insert into WEATHER_HOURLY (WEATHER_DATE,LOCATION_CODE,TIME,WIND_DIR,WIND_SPEED,HUMIDITY,PRESSURE,CLOUD,TEMPERATURE) values (to_date('18.03.2017','DD.MM.RRRR'),'Wollongong',15,'SE',26,84,1023.9,8,23);
Insert into WEATHER_HOURLY (WEATHER_DATE,LOCATION_CODE,TIME,WIND_DIR,WIND_SPEED,HUMIDITY,PRESSURE,CLOUD,TEMPERATURE) values (to_date('19.03.2017','DD.MM.RRRR'),'Wollongong',9,'ENE',28,93,1021.2,8,22.6);
Insert into WEATHER_HOURLY (WEATHER_DATE,LOCATION_CODE,TIME,WIND_DIR,WIND_SPEED,HUMIDITY,PRESSURE,CLOUD,TEMPERATURE) values (to_date('19.03.2017','DD.MM.RRRR'),'Wollongong',15,'ENE',30,87,1018.6,8,24.6);
Insert into WEATHER_HOURLY (WEATHER_DATE,LOCATION_CODE,TIME,WIND_DIR,WIND_SPEED,HUMIDITY,PRESSURE,CLOUD,TEMPERATURE) values (to_date('23.03.2017','DD.MM.RRRR'),'Wollongong',9,'SSW',28,79,1018.8,8,20.7);
Insert into WEATHER_HOURLY (WEATHER_DATE,LOCATION_CODE,TIME,WIND_DIR,WIND_SPEED,HUMIDITY,PRESSURE,CLOUD,TEMPERATURE) values (to_date('23.03.2017','DD.MM.RRRR'),'Wollongong',15,'SW',13,92,1018.1,8,19.7);
Insert into WEATHER_HOURLY (WEATHER_DATE,LOCATION_CODE,TIME,WIND_DIR,WIND_SPEED,HUMIDITY,PRESSURE,CLOUD,TEMPERATURE) values (to_date('31.03.2017','DD.MM.RRRR'),'Wollongong',9,'SW',28,59,1017,null,16.4);
Insert into WEATHER_HOURLY (WEATHER_DATE,LOCATION_CODE,TIME,WIND_DIR,WIND_SPEED,HUMIDITY,PRESSURE,CLOUD,TEMPERATURE) values (to_date('31.03.2017','DD.MM.RRRR'),'Wollongong',15,'S',39,64,1016.2,null,20);
Insert into WEATHER_HOURLY (WEATHER_DATE,LOCATION_CODE,TIME,WIND_DIR,WIND_SPEED,HUMIDITY,PRESSURE,CLOUD,TEMPERATURE) values (to_date('02.04.2017','DD.MM.RRRR'),'Wollongong',9,'SW',24,80,1026.1,8,16.4);
Insert into WEATHER_HOURLY (WEATHER_DATE,LOCATION_CODE,TIME,WIND_DIR,WIND_SPEED,HUMIDITY,PRESSURE,CLOUD,TEMPERATURE) values (to_date('02.04.2017','DD.MM.RRRR'),'Wollongong',15,'SSW',37,62,1025.8,1,20.1);
Insert into WEATHER_HOURLY (WEATHER_DATE,LOCATION_CODE,TIME,WIND_DIR,WIND_SPEED,HUMIDITY,PRESSURE,CLOUD,TEMPERATURE) values (to_date('03.04.2017','DD.MM.RRRR'),'Wollongong',9,'SW',20,87,1029.3,8,15.6);
Insert into WEATHER_HOURLY (WEATHER_DATE,LOCATION_CODE,TIME,WIND_DIR,WIND_SPEED,HUMIDITY,PRESSURE,CLOUD,TEMPERATURE) values (to_date('03.04.2017','DD.MM.RRRR'),'Wollongong',15,'S',56,85,1028.4,8,16.8);
Insert into WEATHER_HOURLY (WEATHER_DATE,LOCATION_CODE,TIME,WIND_DIR,WIND_SPEED,HUMIDITY,PRESSURE,CLOUD,TEMPERATURE) values (to_date('04.04.2017','DD.MM.RRRR'),'Wollongong',9,'SW',20,76,1029,3,18);
Insert into WEATHER_HOURLY (WEATHER_DATE,LOCATION_CODE,TIME,WIND_DIR,WIND_SPEED,HUMIDITY,PRESSURE,CLOUD,TEMPERATURE) values (to_date('04.04.2017','DD.MM.RRRR'),'Wollongong',15,'SSE',28,62,1027.4,8,19.8);
Insert into WEATHER_HOURLY (WEATHER_DATE,LOCATION_CODE,TIME,WIND_DIR,WIND_SPEED,HUMIDITY,PRESSURE,CLOUD,TEMPERATURE) values (to_date('05.04.2017','DD.MM.RRRR'),'Wollongong',9,'WSW',9,78,1026.7,null,17.8);
Insert into WEATHER_HOURLY (WEATHER_DATE,LOCATION_CODE,TIME,WIND_DIR,WIND_SPEED,HUMIDITY,PRESSURE,CLOUD,TEMPERATURE) values (to_date('05.04.2017','DD.MM.RRRR'),'Wollongong',15,'SE',17,55,1023.9,8,20.5);
Insert into WEATHER_HOURLY (WEATHER_DATE,LOCATION_CODE,TIME,WIND_DIR,WIND_SPEED,HUMIDITY,PRESSURE,CLOUD,TEMPERATURE) values (to_date('10.04.2017','DD.MM.RRRR'),'Wollongong',9,'NW',46,56,1007.5,1,14.3);
Insert into WEATHER_HOURLY (WEATHER_DATE,LOCATION_CODE,TIME,WIND_DIR,WIND_SPEED,HUMIDITY,PRESSURE,CLOUD,TEMPERATURE) values (to_date('10.04.2017','DD.MM.RRRR'),'Wollongong',15,'WSW',24,50,1007.9,1,17.5);
Insert into WEATHER_HOURLY (WEATHER_DATE,LOCATION_CODE,TIME,WIND_DIR,WIND_SPEED,HUMIDITY,PRESSURE,CLOUD,TEMPERATURE) values (to_date('20.05.2017','DD.MM.RRRR'),'Wollongong',9,'NNW',11,84,1017.7,8,17.9);
Insert into WEATHER_HOURLY (WEATHER_DATE,LOCATION_CODE,TIME,WIND_DIR,WIND_SPEED,HUMIDITY,PRESSURE,CLOUD,TEMPERATURE) values (to_date('20.05.2017','DD.MM.RRRR'),'Wollongong',15,'S',9,75,1015.5,3,19.6);
Insert into WEATHER_HOURLY (WEATHER_DATE,LOCATION_CODE,TIME,WIND_DIR,WIND_SPEED,HUMIDITY,PRESSURE,CLOUD,TEMPERATURE) values (to_date('10.06.2017','DD.MM.RRRR'),'Wollongong',9,'SSE',30,75,1033.1,8,17);
Insert into WEATHER_HOURLY (WEATHER_DATE,LOCATION_CODE,TIME,WIND_DIR,WIND_SPEED,HUMIDITY,PRESSURE,CLOUD,TEMPERATURE) values (to_date('10.06.2017','DD.MM.RRRR'),'Wollongong',15,'SSW',13,93,1031.1,8,14.6);
Insert into WEATHER_HOURLY (WEATHER_DATE,LOCATION_CODE,TIME,WIND_DIR,WIND_SPEED,HUMIDITY,PRESSURE,CLOUD,TEMPERATURE) values (to_date('11.06.2017','DD.MM.RRRR'),'Wollongong',9,'SSW',6,87,1029.1,null,15.6);
Insert into WEATHER_HOURLY (WEATHER_DATE,LOCATION_CODE,TIME,WIND_DIR,WIND_SPEED,HUMIDITY,PRESSURE,CLOUD,TEMPERATURE) values (to_date('11.06.2017','DD.MM.RRRR'),'Wollongong',15,'NNE',9,81,1025.6,8,16.7);
Insert into WEATHER_HOURLY (WEATHER_DATE,LOCATION_CODE,TIME,WIND_DIR,WIND_SPEED,HUMIDITY,PRESSURE,CLOUD,TEMPERATURE) values (to_date('02.01.2017','DD.MM.RRRR'),'Williamtown',9,'SSW',31,91,1008.6,8,21.8);
Insert into WEATHER_HOURLY (WEATHER_DATE,LOCATION_CODE,TIME,WIND_DIR,WIND_SPEED,HUMIDITY,PRESSURE,CLOUD,TEMPERATURE) values (to_date('02.01.2017','DD.MM.RRRR'),'Williamtown',15,'SSE',33,73,1011,8,24.3);
Insert into WEATHER_HOURLY (WEATHER_DATE,LOCATION_CODE,TIME,WIND_DIR,WIND_SPEED,HUMIDITY,PRESSURE,CLOUD,TEMPERATURE) values (to_date('25.01.2017','DD.MM.RRRR'),'Williamtown',9,'SSW',13,86,1019.7,8,20.8);
Insert into WEATHER_HOURLY (WEATHER_DATE,LOCATION_CODE,TIME,WIND_DIR,WIND_SPEED,HUMIDITY,PRESSURE,CLOUD,TEMPERATURE) values (to_date('25.01.2017','DD.MM.RRRR'),'Williamtown',15,'SSE',15,78,1017.4,8,23.1);
Insert into WEATHER_HOURLY (WEATHER_DATE,LOCATION_CODE,TIME,WIND_DIR,WIND_SPEED,HUMIDITY,PRESSURE,CLOUD,TEMPERATURE) values (to_date('18.02.2017','DD.MM.RRRR'),'Williamtown',9,'NW',19,65,1006.2,null,26.1);
Insert into WEATHER_HOURLY (WEATHER_DATE,LOCATION_CODE,TIME,WIND_DIR,WIND_SPEED,HUMIDITY,PRESSURE,CLOUD,TEMPERATURE) values (to_date('18.02.2017','DD.MM.RRRR'),'Williamtown',15,'E',22,38,1002.9,null,32.6);
Insert into WEATHER_HOURLY (WEATHER_DATE,LOCATION_CODE,TIME,WIND_DIR,WIND_SPEED,HUMIDITY,PRESSURE,CLOUD,TEMPERATURE) values (to_date('19.02.2017','DD.MM.RRRR'),'Williamtown',9,'NA',null,87,1007.8,8,21.1);
Insert into WEATHER_HOURLY (WEATHER_DATE,LOCATION_CODE,TIME,WIND_DIR,WIND_SPEED,HUMIDITY,PRESSURE,CLOUD,TEMPERATURE) values (to_date('19.02.2017','DD.MM.RRRR'),'Williamtown',15,'NA',null,83,1006.7,8,20.6);
Insert into WEATHER_HOURLY (WEATHER_DATE,LOCATION_CODE,TIME,WIND_DIR,WIND_SPEED,HUMIDITY,PRESSURE,CLOUD,TEMPERATURE) values (to_date('28.02.2017','DD.MM.RRRR'),'Williamtown',9,'WSW',7,89,1021.6,4,21.5);
Insert into WEATHER_HOURLY (WEATHER_DATE,LOCATION_CODE,TIME,WIND_DIR,WIND_SPEED,HUMIDITY,PRESSURE,CLOUD,TEMPERATURE) values (to_date('28.02.2017','DD.MM.RRRR'),'Williamtown',15,'ESE',15,74,1019.9,8,24.7);
Insert into WEATHER_HOURLY (WEATHER_DATE,LOCATION_CODE,TIME,WIND_DIR,WIND_SPEED,HUMIDITY,PRESSURE,CLOUD,TEMPERATURE) values (to_date('01.03.2017','DD.MM.RRRR'),'Williamtown',9,'WSW',4,91,1019.6,8,22.3);
Insert into WEATHER_HOURLY (WEATHER_DATE,LOCATION_CODE,TIME,WIND_DIR,WIND_SPEED,HUMIDITY,PRESSURE,CLOUD,TEMPERATURE) values (to_date('01.03.2017','DD.MM.RRRR'),'Williamtown',15,'SE',15,70,1017.7,4,26);
Insert into WEATHER_HOURLY (WEATHER_DATE,LOCATION_CODE,TIME,WIND_DIR,WIND_SPEED,HUMIDITY,PRESSURE,CLOUD,TEMPERATURE) values (to_date('02.03.2017','DD.MM.RRRR'),'Williamtown',9,'NW',9,98,1017.7,8,20.8);
Insert into WEATHER_HOURLY (WEATHER_DATE,LOCATION_CODE,TIME,WIND_DIR,WIND_SPEED,HUMIDITY,PRESSURE,CLOUD,TEMPERATURE) values (to_date('02.03.2017','DD.MM.RRRR'),'Williamtown',15,'ESE',24,66,1015,null,26.8);
Insert into WEATHER_HOURLY (WEATHER_DATE,LOCATION_CODE,TIME,WIND_DIR,WIND_SPEED,HUMIDITY,PRESSURE,CLOUD,TEMPERATURE) values (to_date('04.03.2017','DD.MM.RRRR'),'Williamtown',9,'WSW',19,97,1012.9,8,21.7);
Insert into WEATHER_HOURLY (WEATHER_DATE,LOCATION_CODE,TIME,WIND_DIR,WIND_SPEED,HUMIDITY,PRESSURE,CLOUD,TEMPERATURE) values (to_date('04.03.2017','DD.MM.RRRR'),'Williamtown',15,'SSW',19,95,1011.1,8,22.6);
Insert into WEATHER_HOURLY (WEATHER_DATE,LOCATION_CODE,TIME,WIND_DIR,WIND_SPEED,HUMIDITY,PRESSURE,CLOUD,TEMPERATURE) values (to_date('05.03.2017','DD.MM.RRRR'),'Williamtown',9,'NW',15,95,1010.4,8,19.6);
Insert into WEATHER_HOURLY (WEATHER_DATE,LOCATION_CODE,TIME,WIND_DIR,WIND_SPEED,HUMIDITY,PRESSURE,CLOUD,TEMPERATURE) values (to_date('05.03.2017','DD.MM.RRRR'),'Williamtown',15,'SW',13,83,1008.7,8,22.6);
Insert into WEATHER_HOURLY (WEATHER_DATE,LOCATION_CODE,TIME,WIND_DIR,WIND_SPEED,HUMIDITY,PRESSURE,CLOUD,TEMPERATURE) values (to_date('15.03.2017','DD.MM.RRRR'),'Williamtown',9,'ENE',9,89,1019.2,1,22.3);
Insert into WEATHER_HOURLY (WEATHER_DATE,LOCATION_CODE,TIME,WIND_DIR,WIND_SPEED,HUMIDITY,PRESSURE,CLOUD,TEMPERATURE) values (to_date('15.03.2017','DD.MM.RRRR'),'Williamtown',15,'ENE',30,70,1017.1,8,25.3);
Insert into WEATHER_HOURLY (WEATHER_DATE,LOCATION_CODE,TIME,WIND_DIR,WIND_SPEED,HUMIDITY,PRESSURE,CLOUD,TEMPERATURE) values (to_date('18.03.2017','DD.MM.RRRR'),'Williamtown',9,'ESE',31,83,1020.3,8,23.7);
Insert into WEATHER_HOURLY (WEATHER_DATE,LOCATION_CODE,TIME,WIND_DIR,WIND_SPEED,HUMIDITY,PRESSURE,CLOUD,TEMPERATURE) values (to_date('18.03.2017','DD.MM.RRRR'),'Williamtown',15,'SE',31,79,1019.9,8,25.1);
Insert into WEATHER_HOURLY (WEATHER_DATE,LOCATION_CODE,TIME,WIND_DIR,WIND_SPEED,HUMIDITY,PRESSURE,CLOUD,TEMPERATURE) values (to_date('19.03.2017','DD.MM.RRRR'),'Williamtown',9,'NE',17,95,1019,8,23.3);
Insert into WEATHER_HOURLY (WEATHER_DATE,LOCATION_CODE,TIME,WIND_DIR,WIND_SPEED,HUMIDITY,PRESSURE,CLOUD,TEMPERATURE) values (to_date('19.03.2017','DD.MM.RRRR'),'Williamtown',15,'NE',22,73,1016.7,1,27.7);
Insert into WEATHER_HOURLY (WEATHER_DATE,LOCATION_CODE,TIME,WIND_DIR,WIND_SPEED,HUMIDITY,PRESSURE,CLOUD,TEMPERATURE) values (to_date('24.03.2017','DD.MM.RRRR'),'Williamtown',9,'WSW',11,97,1019.3,8,19.5);
Insert into WEATHER_HOURLY (WEATHER_DATE,LOCATION_CODE,TIME,WIND_DIR,WIND_SPEED,HUMIDITY,PRESSURE,CLOUD,TEMPERATURE) values (to_date('24.03.2017','DD.MM.RRRR'),'Williamtown',15,'SSE',24,63,1018,2,24.4);
Insert into WEATHER_HOURLY (WEATHER_DATE,LOCATION_CODE,TIME,WIND_DIR,WIND_SPEED,HUMIDITY,PRESSURE,CLOUD,TEMPERATURE) values (to_date('31.03.2017','DD.MM.RRRR'),'Williamtown',9,'WSW',20,89,1014.4,8,16.1);
Insert into WEATHER_HOURLY (WEATHER_DATE,LOCATION_CODE,TIME,WIND_DIR,WIND_SPEED,HUMIDITY,PRESSURE,CLOUD,TEMPERATURE) values (to_date('31.03.2017','DD.MM.RRRR'),'Williamtown',15,'SSW',35,67,1014.1,8,21.7);
Insert into WEATHER_HOURLY (WEATHER_DATE,LOCATION_CODE,TIME,WIND_DIR,WIND_SPEED,HUMIDITY,PRESSURE,CLOUD,TEMPERATURE) values (to_date('04.04.2017','DD.MM.RRRR'),'Williamtown',9,'SSE',15,65,1026.5,8,21.1);
Insert into WEATHER_HOURLY (WEATHER_DATE,LOCATION_CODE,TIME,WIND_DIR,WIND_SPEED,HUMIDITY,PRESSURE,CLOUD,TEMPERATURE) values (to_date('04.04.2017','DD.MM.RRRR'),'Williamtown',15,'SE',31,53,1024.8,1,21.7);
Insert into WEATHER_HOURLY (WEATHER_DATE,LOCATION_CODE,TIME,WIND_DIR,WIND_SPEED,HUMIDITY,PRESSURE,CLOUD,TEMPERATURE) values (to_date('05.04.2017','DD.MM.RRRR'),'Williamtown',9,'W',15,92,1025.4,5,17.2);
Insert into WEATHER_HOURLY (WEATHER_DATE,LOCATION_CODE,TIME,WIND_DIR,WIND_SPEED,HUMIDITY,PRESSURE,CLOUD,TEMPERATURE) values (to_date('05.04.2017','DD.MM.RRRR'),'Williamtown',15,'ESE',24,58,1022.3,2,21.5);
Insert into WEATHER_HOURLY (WEATHER_DATE,LOCATION_CODE,TIME,WIND_DIR,WIND_SPEED,HUMIDITY,PRESSURE,CLOUD,TEMPERATURE) values (to_date('06.04.2017','DD.MM.RRRR'),'Williamtown',9,'NW',11,81,1025.3,5,19.2);
Insert into WEATHER_HOURLY (WEATHER_DATE,LOCATION_CODE,TIME,WIND_DIR,WIND_SPEED,HUMIDITY,PRESSURE,CLOUD,TEMPERATURE) values (to_date('06.04.2017','DD.MM.RRRR'),'Williamtown',15,'SE',17,52,1023,1,22.4);
Insert into WEATHER_HOURLY (WEATHER_DATE,LOCATION_CODE,TIME,WIND_DIR,WIND_SPEED,HUMIDITY,PRESSURE,CLOUD,TEMPERATURE) values (to_date('12.04.2017','DD.MM.RRRR'),'Williamtown',9,'WSW',13,96,1022.7,8,16.8);
Insert into WEATHER_HOURLY (WEATHER_DATE,LOCATION_CODE,TIME,WIND_DIR,WIND_SPEED,HUMIDITY,PRESSURE,CLOUD,TEMPERATURE) values (to_date('12.04.2017','DD.MM.RRRR'),'Williamtown',15,'S',24,69,1021.1,8,20.7);
Insert into WEATHER_HOURLY (WEATHER_DATE,LOCATION_CODE,TIME,WIND_DIR,WIND_SPEED,HUMIDITY,PRESSURE,CLOUD,TEMPERATURE) values (to_date('13.04.2017','DD.MM.RRRR'),'Williamtown',9,'WSW',9,95,1023.8,8,16.8);
Insert into WEATHER_HOURLY (WEATHER_DATE,LOCATION_CODE,TIME,WIND_DIR,WIND_SPEED,HUMIDITY,PRESSURE,CLOUD,TEMPERATURE) values (to_date('13.04.2017','DD.MM.RRRR'),'Williamtown',15,'SSE',19,67,1020.8,3,20.4);
Insert into WEATHER_HOURLY (WEATHER_DATE,LOCATION_CODE,TIME,WIND_DIR,WIND_SPEED,HUMIDITY,PRESSURE,CLOUD,TEMPERATURE) values (to_date('04.06.2017','DD.MM.RRRR'),'Williamtown',9,'WNW',13,91,1027.6,7,13.4);
Insert into WEATHER_HOURLY (WEATHER_DATE,LOCATION_CODE,TIME,WIND_DIR,WIND_SPEED,HUMIDITY,PRESSURE,CLOUD,TEMPERATURE) values (to_date('04.06.2017','DD.MM.RRRR'),'Williamtown',15,'S',19,65,1024.1,null,17.8);
Insert into WEATHER_HOURLY (WEATHER_DATE,LOCATION_CODE,TIME,WIND_DIR,WIND_SPEED,HUMIDITY,PRESSURE,CLOUD,TEMPERATURE) values (to_date('07.06.2017','DD.MM.RRRR'),'Williamtown',9,'W',22,97,1018.6,8,10.5);
Insert into WEATHER_HOURLY (WEATHER_DATE,LOCATION_CODE,TIME,WIND_DIR,WIND_SPEED,HUMIDITY,PRESSURE,CLOUD,TEMPERATURE) values (to_date('07.06.2017','DD.MM.RRRR'),'Williamtown',15,'SW',20,90,1018,7,13.3);
Insert into WEATHER_HOURLY (WEATHER_DATE,LOCATION_CODE,TIME,WIND_DIR,WIND_SPEED,HUMIDITY,PRESSURE,CLOUD,TEMPERATURE) values (to_date('08.06.2017','DD.MM.RRRR'),'Williamtown',9,'WSW',15,97,1022.3,8,14.3);
Insert into WEATHER_HOURLY (WEATHER_DATE,LOCATION_CODE,TIME,WIND_DIR,WIND_SPEED,HUMIDITY,PRESSURE,CLOUD,TEMPERATURE) values (to_date('08.06.2017','DD.MM.RRRR'),'Williamtown',15,'SE',15,87,1021.3,8,16.9);
Insert into WEATHER_HOURLY (WEATHER_DATE,LOCATION_CODE,TIME,WIND_DIR,WIND_SPEED,HUMIDITY,PRESSURE,CLOUD,TEMPERATURE) values (to_date('09.06.2017','DD.MM.RRRR'),'Williamtown',9,'WSW',11,98,1026.4,7,13.8);
Insert into WEATHER_HOURLY (WEATHER_DATE,LOCATION_CODE,TIME,WIND_DIR,WIND_SPEED,HUMIDITY,PRESSURE,CLOUD,TEMPERATURE) values (to_date('09.06.2017','DD.MM.RRRR'),'Williamtown',15,'ENE',11,94,1025.9,8,14.1);
Insert into WEATHER_HOURLY (WEATHER_DATE,LOCATION_CODE,TIME,WIND_DIR,WIND_SPEED,HUMIDITY,PRESSURE,CLOUD,TEMPERATURE) values (to_date('10.06.2017','DD.MM.RRRR'),'Williamtown',9,'NW',7,99,1030.3,7,13.1);
Insert into WEATHER_HOURLY (WEATHER_DATE,LOCATION_CODE,TIME,WIND_DIR,WIND_SPEED,HUMIDITY,PRESSURE,CLOUD,TEMPERATURE) values (to_date('10.06.2017','DD.MM.RRRR'),'Williamtown',15,'SE',15,79,1028.6,4,17.7);
Insert into WEATHER_HOURLY (WEATHER_DATE,LOCATION_CODE,TIME,WIND_DIR,WIND_SPEED,HUMIDITY,PRESSURE,CLOUD,TEMPERATURE) values (to_date('14.06.2017','DD.MM.RRRR'),'Williamtown',9,'SSW',13,98,1030.5,7,15.3);
Insert into WEATHER_HOURLY (WEATHER_DATE,LOCATION_CODE,TIME,WIND_DIR,WIND_SPEED,HUMIDITY,PRESSURE,CLOUD,TEMPERATURE) values (to_date('14.06.2017','DD.MM.RRRR'),'Williamtown',15,'WSW',9,79,1027.7,3,18.8);
Insert into WEATHER_HOURLY (WEATHER_DATE,LOCATION_CODE,TIME,WIND_DIR,WIND_SPEED,HUMIDITY,PRESSURE,CLOUD,TEMPERATURE) values (to_date('19.06.2017','DD.MM.RRRR'),'Williamtown',9,'SW',20,86,1028.5,8,14.7);
Insert into WEATHER_HOURLY (WEATHER_DATE,LOCATION_CODE,TIME,WIND_DIR,WIND_SPEED,HUMIDITY,PRESSURE,CLOUD,TEMPERATURE) values (to_date('19.06.2017','DD.MM.RRRR'),'Williamtown',15,'SSW',24,75,1027,2,18.5);
Insert into WEATHER_HOURLY (WEATHER_DATE,LOCATION_CODE,TIME,WIND_DIR,WIND_SPEED,HUMIDITY,PRESSURE,CLOUD,TEMPERATURE) values (to_date('03.01.2017','DD.MM.RRRR'),'GoldCoast',9,'S',33,100,1012.5,null,22.5);
Insert into WEATHER_HOURLY (WEATHER_DATE,LOCATION_CODE,TIME,WIND_DIR,WIND_SPEED,HUMIDITY,PRESSURE,CLOUD,TEMPERATURE) values (to_date('03.01.2017','DD.MM.RRRR'),'GoldCoast',15,'SSE',43,98,1012.4,null,23.2);
Insert into WEATHER_HOURLY (WEATHER_DATE,LOCATION_CODE,TIME,WIND_DIR,WIND_SPEED,HUMIDITY,PRESSURE,CLOUD,TEMPERATURE) values (to_date('04.01.2017','DD.MM.RRRR'),'GoldCoast',9,'SSE',39,76,1015.8,null,25.9);
Insert into WEATHER_HOURLY (WEATHER_DATE,LOCATION_CODE,TIME,WIND_DIR,WIND_SPEED,HUMIDITY,PRESSURE,CLOUD,TEMPERATURE) values (to_date('04.01.2017','DD.MM.RRRR'),'GoldCoast',15,'SSE',39,76,1014.4,null,27.3);
Insert into WEATHER_HOURLY (WEATHER_DATE,LOCATION_CODE,TIME,WIND_DIR,WIND_SPEED,HUMIDITY,PRESSURE,CLOUD,TEMPERATURE) values (to_date('15.01.2017','DD.MM.RRRR'),'GoldCoast',9,'NNW',2,100,1009.1,null,24.4);
Insert into WEATHER_HOURLY (WEATHER_DATE,LOCATION_CODE,TIME,WIND_DIR,WIND_SPEED,HUMIDITY,PRESSURE,CLOUD,TEMPERATURE) values (to_date('15.01.2017','DD.MM.RRRR'),'GoldCoast',15,'ENE',19,88,1008.9,null,27.6);
Insert into WEATHER_HOURLY (WEATHER_DATE,LOCATION_CODE,TIME,WIND_DIR,WIND_SPEED,HUMIDITY,PRESSURE,CLOUD,TEMPERATURE) values (to_date('27.01.2017','DD.MM.RRRR'),'GoldCoast',9,'SE',13,83,1014.2,null,27.2);
Insert into WEATHER_HOURLY (WEATHER_DATE,LOCATION_CODE,TIME,WIND_DIR,WIND_SPEED,HUMIDITY,PRESSURE,CLOUD,TEMPERATURE) values (to_date('27.01.2017','DD.MM.RRRR'),'GoldCoast',15,'ESE',13,78,1013.2,null,27.3);
Insert into WEATHER_HOURLY (WEATHER_DATE,LOCATION_CODE,TIME,WIND_DIR,WIND_SPEED,HUMIDITY,PRESSURE,CLOUD,TEMPERATURE) values (to_date('04.03.2017','DD.MM.RRRR'),'GoldCoast',9,'SSE',19,79,1013.5,null,25.9);
Insert into WEATHER_HOURLY (WEATHER_DATE,LOCATION_CODE,TIME,WIND_DIR,WIND_SPEED,HUMIDITY,PRESSURE,CLOUD,TEMPERATURE) values (to_date('04.03.2017','DD.MM.RRRR'),'GoldCoast',15,'E',19,74,1010.3,null,27.7);
Insert into WEATHER_HOURLY (WEATHER_DATE,LOCATION_CODE,TIME,WIND_DIR,WIND_SPEED,HUMIDITY,PRESSURE,CLOUD,TEMPERATURE) values (to_date('15.03.2017','DD.MM.RRRR'),'GoldCoast',9,'SSE',35,100,1013.8,null,23.4);
Insert into WEATHER_HOURLY (WEATHER_DATE,LOCATION_CODE,TIME,WIND_DIR,WIND_SPEED,HUMIDITY,PRESSURE,CLOUD,TEMPERATURE) values (to_date('15.03.2017','DD.MM.RRRR'),'GoldCoast',15,'NNE',20,88,1011.9,null,26.7);
Insert into WEATHER_HOURLY (WEATHER_DATE,LOCATION_CODE,TIME,WIND_DIR,WIND_SPEED,HUMIDITY,PRESSURE,CLOUD,TEMPERATURE) values (to_date('19.03.2017','DD.MM.RRRR'),'GoldCoast',9,'WSW',9,100,1018.2,null,23.5);
Insert into WEATHER_HOURLY (WEATHER_DATE,LOCATION_CODE,TIME,WIND_DIR,WIND_SPEED,HUMIDITY,PRESSURE,CLOUD,TEMPERATURE) values (to_date('19.03.2017','DD.MM.RRRR'),'GoldCoast',15,'SSE',13,100,1016.1,null,23.6);
Insert into WEATHER_HOURLY (WEATHER_DATE,LOCATION_CODE,TIME,WIND_DIR,WIND_SPEED,HUMIDITY,PRESSURE,CLOUD,TEMPERATURE) values (to_date('20.03.2017','DD.MM.RRRR'),'GoldCoast',9,'ENE',20,100,1017.5,null,26.2);
Insert into WEATHER_HOURLY (WEATHER_DATE,LOCATION_CODE,TIME,WIND_DIR,WIND_SPEED,HUMIDITY,PRESSURE,CLOUD,TEMPERATURE) values (to_date('20.03.2017','DD.MM.RRRR'),'GoldCoast',15,'ENE',28,100,1015.1,null,25.1);
Insert into WEATHER_HOURLY (WEATHER_DATE,LOCATION_CODE,TIME,WIND_DIR,WIND_SPEED,HUMIDITY,PRESSURE,CLOUD,TEMPERATURE) values (to_date('21.03.2017','DD.MM.RRRR'),'GoldCoast',9,'ENE',20,95,1017.2,null,26.1);
Insert into WEATHER_HOURLY (WEATHER_DATE,LOCATION_CODE,TIME,WIND_DIR,WIND_SPEED,HUMIDITY,PRESSURE,CLOUD,TEMPERATURE) values (to_date('21.03.2017','DD.MM.RRRR'),'GoldCoast',15,'NE',13,96,1015.3,null,26.7);
Insert into WEATHER_HOURLY (WEATHER_DATE,LOCATION_CODE,TIME,WIND_DIR,WIND_SPEED,HUMIDITY,PRESSURE,CLOUD,TEMPERATURE) values (to_date('30.03.2017','DD.MM.RRRR'),'GoldCoast',9,'NE',35,null,1010.2,null,24.1);
Insert into WEATHER_HOURLY (WEATHER_DATE,LOCATION_CODE,TIME,WIND_DIR,WIND_SPEED,HUMIDITY,PRESSURE,CLOUD,TEMPERATURE) values (to_date('30.03.2017','DD.MM.RRRR'),'GoldCoast',15,'NE',37,null,1004.2,null,24.4);
Insert into WEATHER_HOURLY (WEATHER_DATE,LOCATION_CODE,TIME,WIND_DIR,WIND_SPEED,HUMIDITY,PRESSURE,CLOUD,TEMPERATURE) values (to_date('31.03.2017','DD.MM.RRRR'),'GoldCoast',9,'SSW',28,99,1005.7,null,23.4);
Insert into WEATHER_HOURLY (WEATHER_DATE,LOCATION_CODE,TIME,WIND_DIR,WIND_SPEED,HUMIDITY,PRESSURE,CLOUD,TEMPERATURE) values (to_date('31.03.2017','DD.MM.RRRR'),'GoldCoast',15,'S',39,71,1007.7,null,25.3);
Insert into WEATHER_HOURLY (WEATHER_DATE,LOCATION_CODE,TIME,WIND_DIR,WIND_SPEED,HUMIDITY,PRESSURE,CLOUD,TEMPERATURE) values (to_date('22.04.2017','DD.MM.RRRR'),'GoldCoast',9,'SSE',28,86,1024.8,null,21.9);
Insert into WEATHER_HOURLY (WEATHER_DATE,LOCATION_CODE,TIME,WIND_DIR,WIND_SPEED,HUMIDITY,PRESSURE,CLOUD,TEMPERATURE) values (to_date('22.04.2017','DD.MM.RRRR'),'GoldCoast',15,'SE',31,57,1022,null,22.7);
Insert into WEATHER_HOURLY (WEATHER_DATE,LOCATION_CODE,TIME,WIND_DIR,WIND_SPEED,HUMIDITY,PRESSURE,CLOUD,TEMPERATURE) values (to_date('20.05.2017','DD.MM.RRRR'),'GoldCoast',9,'SSW',17,100,1018.6,null,20.4);
Insert into WEATHER_HOURLY (WEATHER_DATE,LOCATION_CODE,TIME,WIND_DIR,WIND_SPEED,HUMIDITY,PRESSURE,CLOUD,TEMPERATURE) values (to_date('20.05.2017','DD.MM.RRRR'),'GoldCoast',15,'E',11,99,1016,null,21.3);
Insert into WEATHER_HOURLY (WEATHER_DATE,LOCATION_CODE,TIME,WIND_DIR,WIND_SPEED,HUMIDITY,PRESSURE,CLOUD,TEMPERATURE) values (to_date('11.06.2017','DD.MM.RRRR'),'GoldCoast',9,'ENE',26,82,1023.6,null,20.5);
Insert into WEATHER_HOURLY (WEATHER_DATE,LOCATION_CODE,TIME,WIND_DIR,WIND_SPEED,HUMIDITY,PRESSURE,CLOUD,TEMPERATURE) values (to_date('11.06.2017','DD.MM.RRRR'),'GoldCoast',15,'SE',26,99,1020.9,null,18.1);
Insert into WEATHER_HOURLY (WEATHER_DATE,LOCATION_CODE,TIME,WIND_DIR,WIND_SPEED,HUMIDITY,PRESSURE,CLOUD,TEMPERATURE) values (to_date('12.06.2017','DD.MM.RRRR'),'GoldCoast',9,'S',11,100,1020.4,null,17.5);
Insert into WEATHER_HOURLY (WEATHER_DATE,LOCATION_CODE,TIME,WIND_DIR,WIND_SPEED,HUMIDITY,PRESSURE,CLOUD,TEMPERATURE) values (to_date('12.06.2017','DD.MM.RRRR'),'GoldCoast',15,'SSE',22,91,1017.2,null,19.8);
Insert into WEATHER_HOURLY (WEATHER_DATE,LOCATION_CODE,TIME,WIND_DIR,WIND_SPEED,HUMIDITY,PRESSURE,CLOUD,TEMPERATURE) values (to_date('13.06.2017','DD.MM.RRRR'),'GoldCoast',9,'SSE',67,100,1019.1,null,18);
Insert into WEATHER_HOURLY (WEATHER_DATE,LOCATION_CODE,TIME,WIND_DIR,WIND_SPEED,HUMIDITY,PRESSURE,CLOUD,TEMPERATURE) values (to_date('13.06.2017','DD.MM.RRRR'),'GoldCoast',15,'SSE',52,100,1019.2,null,17.3);
Insert into WEATHER_HOURLY (WEATHER_DATE,LOCATION_CODE,TIME,WIND_DIR,WIND_SPEED,HUMIDITY,PRESSURE,CLOUD,TEMPERATURE) values (to_date('14.06.2017','DD.MM.RRRR'),'GoldCoast',9,'S',37,100,1023.3,null,18.1);
Insert into WEATHER_HOURLY (WEATHER_DATE,LOCATION_CODE,TIME,WIND_DIR,WIND_SPEED,HUMIDITY,PRESSURE,CLOUD,TEMPERATURE) values (to_date('14.06.2017','DD.MM.RRRR'),'GoldCoast',15,'SSE',52,100,1022.7,null,20);
Insert into WEATHER_HOURLY (WEATHER_DATE,LOCATION_CODE,TIME,WIND_DIR,WIND_SPEED,HUMIDITY,PRESSURE,CLOUD,TEMPERATURE) values (to_date('15.06.2017','DD.MM.RRRR'),'GoldCoast',9,'S',26,98,1024.6,null,19.5);
Insert into WEATHER_HOURLY (WEATHER_DATE,LOCATION_CODE,TIME,WIND_DIR,WIND_SPEED,HUMIDITY,PRESSURE,CLOUD,TEMPERATURE) values (to_date('15.06.2017','DD.MM.RRRR'),'GoldCoast',15,'SSE',33,78,1021.5,null,21);
Insert into WEATHER_HOURLY (WEATHER_DATE,LOCATION_CODE,TIME,WIND_DIR,WIND_SPEED,HUMIDITY,PRESSURE,CLOUD,TEMPERATURE) values (to_date('03.01.2017','DD.MM.RRRR'),'Cairns',9,'W',7,80,1006.1,8,28.1);
Insert into WEATHER_HOURLY (WEATHER_DATE,LOCATION_CODE,TIME,WIND_DIR,WIND_SPEED,HUMIDITY,PRESSURE,CLOUD,TEMPERATURE) values (to_date('03.01.2017','DD.MM.RRRR'),'Cairns',15,'NW',6,90,1003.7,8,27.4);
Insert into WEATHER_HOURLY (WEATHER_DATE,LOCATION_CODE,TIME,WIND_DIR,WIND_SPEED,HUMIDITY,PRESSURE,CLOUD,TEMPERATURE) values (to_date('04.01.2017','DD.MM.RRRR'),'Cairns',9,'SW',2,79,1006.5,null,28.1);
Insert into WEATHER_HOURLY (WEATHER_DATE,LOCATION_CODE,TIME,WIND_DIR,WIND_SPEED,HUMIDITY,PRESSURE,CLOUD,TEMPERATURE) values (to_date('04.01.2017','DD.MM.RRRR'),'Cairns',15,'NNE',15,75,1003.9,7,30);
Insert into WEATHER_HOURLY (WEATHER_DATE,LOCATION_CODE,TIME,WIND_DIR,WIND_SPEED,HUMIDITY,PRESSURE,CLOUD,TEMPERATURE) values (to_date('05.01.2017','DD.MM.RRRR'),'Cairns',9,'ESE',9,83,1006.4,7,28.1);
Insert into WEATHER_HOURLY (WEATHER_DATE,LOCATION_CODE,TIME,WIND_DIR,WIND_SPEED,HUMIDITY,PRESSURE,CLOUD,TEMPERATURE) values (to_date('05.01.2017','DD.MM.RRRR'),'Cairns',15,'NNE',13,83,1002.8,8,28.5);
Insert into WEATHER_HOURLY (WEATHER_DATE,LOCATION_CODE,TIME,WIND_DIR,WIND_SPEED,HUMIDITY,PRESSURE,CLOUD,TEMPERATURE) values (to_date('06.01.2017','DD.MM.RRRR'),'Cairns',9,'W',11,77,1003.9,1,27.1);
Insert into WEATHER_HOURLY (WEATHER_DATE,LOCATION_CODE,TIME,WIND_DIR,WIND_SPEED,HUMIDITY,PRESSURE,CLOUD,TEMPERATURE) values (to_date('06.01.2017','DD.MM.RRRR'),'Cairns',15,'WSW',9,63,1000.7,8,30.4);
Insert into WEATHER_HOURLY (WEATHER_DATE,LOCATION_CODE,TIME,WIND_DIR,WIND_SPEED,HUMIDITY,PRESSURE,CLOUD,TEMPERATURE) values (to_date('07.01.2017','DD.MM.RRRR'),'Cairns',9,'SSE',6,75,1003.3,8,29.3);
Insert into WEATHER_HOURLY (WEATHER_DATE,LOCATION_CODE,TIME,WIND_DIR,WIND_SPEED,HUMIDITY,PRESSURE,CLOUD,TEMPERATURE) values (to_date('07.01.2017','DD.MM.RRRR'),'Cairns',15,'NNE',13,70,1000.1,2,30.6);
Insert into WEATHER_HOURLY (WEATHER_DATE,LOCATION_CODE,TIME,WIND_DIR,WIND_SPEED,HUMIDITY,PRESSURE,CLOUD,TEMPERATURE) values (to_date('08.01.2017','DD.MM.RRRR'),'Cairns',9,'S',11,85,1005.2,7,26.7);
Insert into WEATHER_HOURLY (WEATHER_DATE,LOCATION_CODE,TIME,WIND_DIR,WIND_SPEED,HUMIDITY,PRESSURE,CLOUD,TEMPERATURE) values (to_date('08.01.2017','DD.MM.RRRR'),'Cairns',15,'E',19,76,1003.2,3,29.8);
Insert into WEATHER_HOURLY (WEATHER_DATE,LOCATION_CODE,TIME,WIND_DIR,WIND_SPEED,HUMIDITY,PRESSURE,CLOUD,TEMPERATURE) values (to_date('11.01.2017','DD.MM.RRRR'),'Cairns',9,'SE',13,86,1009.2,8,29.8);
Insert into WEATHER_HOURLY (WEATHER_DATE,LOCATION_CODE,TIME,WIND_DIR,WIND_SPEED,HUMIDITY,PRESSURE,CLOUD,TEMPERATURE) values (to_date('11.01.2017','DD.MM.RRRR'),'Cairns',15,'E',22,74,1005.8,5,31.2);
Insert into WEATHER_HOURLY (WEATHER_DATE,LOCATION_CODE,TIME,WIND_DIR,WIND_SPEED,HUMIDITY,PRESSURE,CLOUD,TEMPERATURE) values (to_date('12.01.2017','DD.MM.RRRR'),'Cairns',9,'N',15,85,1009.2,8,28.6);
Insert into WEATHER_HOURLY (WEATHER_DATE,LOCATION_CODE,TIME,WIND_DIR,WIND_SPEED,HUMIDITY,PRESSURE,CLOUD,TEMPERATURE) values (to_date('12.01.2017','DD.MM.RRRR'),'Cairns',15,'N',17,72,1006.8,3,29.9);
Insert into WEATHER_HOURLY (WEATHER_DATE,LOCATION_CODE,TIME,WIND_DIR,WIND_SPEED,HUMIDITY,PRESSURE,CLOUD,TEMPERATURE) values (to_date('17.01.2017','DD.MM.RRRR'),'Cairns',9,'SE',9,86,1013.6,4,26.9);
Insert into WEATHER_HOURLY (WEATHER_DATE,LOCATION_CODE,TIME,WIND_DIR,WIND_SPEED,HUMIDITY,PRESSURE,CLOUD,TEMPERATURE) values (to_date('17.01.2017','DD.MM.RRRR'),'Cairns',15,'NE',20,67,1009.8,null,31.5);
Insert into WEATHER_HOURLY (WEATHER_DATE,LOCATION_CODE,TIME,WIND_DIR,WIND_SPEED,HUMIDITY,PRESSURE,CLOUD,TEMPERATURE) values (to_date('18.01.2017','DD.MM.RRRR'),'Cairns',9,'SE',15,80,1013.3,null,28.6);
Insert into WEATHER_HOURLY (WEATHER_DATE,LOCATION_CODE,TIME,WIND_DIR,WIND_SPEED,HUMIDITY,PRESSURE,CLOUD,TEMPERATURE) values (to_date('18.01.2017','DD.MM.RRRR'),'Cairns',15,'E',22,63,1009.5,8,30.4);
Insert into WEATHER_HOURLY (WEATHER_DATE,LOCATION_CODE,TIME,WIND_DIR,WIND_SPEED,HUMIDITY,PRESSURE,CLOUD,TEMPERATURE) values (to_date('01.02.2017','DD.MM.RRRR'),'Cairns',9,'SSE',9,89,1011.7,4,27.6);
Insert into WEATHER_HOURLY (WEATHER_DATE,LOCATION_CODE,TIME,WIND_DIR,WIND_SPEED,HUMIDITY,PRESSURE,CLOUD,TEMPERATURE) values (to_date('01.02.2017','DD.MM.RRRR'),'Cairns',15,'S',15,77,1009.1,null,28.7);
Insert into WEATHER_HOURLY (WEATHER_DATE,LOCATION_CODE,TIME,WIND_DIR,WIND_SPEED,HUMIDITY,PRESSURE,CLOUD,TEMPERATURE) values (to_date('02.02.2017','DD.MM.RRRR'),'Cairns',9,'S',11,89,1011.4,null,26.2);
Insert into WEATHER_HOURLY (WEATHER_DATE,LOCATION_CODE,TIME,WIND_DIR,WIND_SPEED,HUMIDITY,PRESSURE,CLOUD,TEMPERATURE) values (to_date('02.02.2017','DD.MM.RRRR'),'Cairns',15,'S',13,75,1007.6,null,30);
Commit;
