--------------------------------------------------------
--  Data for Table LOCATIONS
--------------------------------------------------------

Insert into LOCATIONS (LOCATION_NAME) values ('Adelaide');
Insert into LOCATIONS (LOCATION_NAME) values ('Albany');
Insert into LOCATIONS (LOCATION_NAME) values ('Albury');
Insert into LOCATIONS (LOCATION_NAME) values ('AliceSprings');
Insert into LOCATIONS (LOCATION_NAME) values ('BadgerysCreek');
Insert into LOCATIONS (LOCATION_NAME) values ('Ballarat');
Insert into LOCATIONS (LOCATION_NAME) values ('Bendigo');
Insert into LOCATIONS (LOCATION_NAME) values ('Brisbane');
Insert into LOCATIONS (LOCATION_NAME) values ('Cairns');
Insert into LOCATIONS (LOCATION_NAME) values ('Canberra');
Insert into LOCATIONS (LOCATION_NAME) values ('Cobar');
Insert into LOCATIONS (LOCATION_NAME) values ('CoffsHarbour');
Insert into LOCATIONS (LOCATION_NAME) values ('Dartmoor');
Insert into LOCATIONS (LOCATION_NAME) values ('Darwin');
Insert into LOCATIONS (LOCATION_NAME) values ('GoldCoast');
Insert into LOCATIONS (LOCATION_NAME) values ('Hobart');
Insert into LOCATIONS (LOCATION_NAME) values ('Katherine');
Insert into LOCATIONS (LOCATION_NAME) values ('Launceston');
Insert into LOCATIONS (LOCATION_NAME) values ('Melbourne');
Insert into LOCATIONS (LOCATION_NAME) values ('MelbourneAirport');
Insert into LOCATIONS (LOCATION_NAME) values ('Mildura');
Insert into LOCATIONS (LOCATION_NAME) values ('Moree');
Insert into LOCATIONS (LOCATION_NAME) values ('MountGambier');
Insert into LOCATIONS (LOCATION_NAME) values ('MountGinini');
Insert into LOCATIONS (LOCATION_NAME) values ('Newcastle');
Insert into LOCATIONS (LOCATION_NAME) values ('Nhil');
Insert into LOCATIONS (LOCATION_NAME) values ('NorahHead');
Insert into LOCATIONS (LOCATION_NAME) values ('NorfolkIsland');
Insert into LOCATIONS (LOCATION_NAME) values ('Nuriootpa');
Insert into LOCATIONS (LOCATION_NAME) values ('PearceRAAF');
Insert into LOCATIONS (LOCATION_NAME) values ('Penrith');
Insert into LOCATIONS (LOCATION_NAME) values ('Perth');
Insert into LOCATIONS (LOCATION_NAME) values ('PerthAirport');
Insert into LOCATIONS (LOCATION_NAME) values ('Portland');
Insert into LOCATIONS (LOCATION_NAME) values ('Richmond');
Insert into LOCATIONS (LOCATION_NAME) values ('Sale');
Insert into LOCATIONS (LOCATION_NAME) values ('SalmonGums');
Insert into LOCATIONS (LOCATION_NAME) values ('Sydney');
Insert into LOCATIONS (LOCATION_NAME) values ('SydneyAirport');
Insert into LOCATIONS (LOCATION_NAME) values ('Townsville');
Insert into LOCATIONS (LOCATION_NAME) values ('Tuggeranong');
Insert into LOCATIONS (LOCATION_NAME) values ('Uluru');
Insert into LOCATIONS (LOCATION_NAME) values ('WaggaWagga');
Insert into LOCATIONS (LOCATION_NAME) values ('Walpole');
Insert into LOCATIONS (LOCATION_NAME) values ('Watsonia');
Insert into LOCATIONS (LOCATION_NAME) values ('Williamtown');
Insert into LOCATIONS (LOCATION_NAME) values ('Witchcliffe');
Insert into LOCATIONS (LOCATION_NAME) values ('Wollongong');
Insert into LOCATIONS (LOCATION_NAME) values ('Woomera');
Commit;
--------------------------------------------------------
--  Data for Table WIND_DIRECTION
--------------------------------------------------------

Insert into WIND_DIRECTION (WIND_DIRECTION) values ('E');
Insert into WIND_DIRECTION (WIND_DIRECTION) values ('ENE');
Insert into WIND_DIRECTION (WIND_DIRECTION) values ('ESE');
Insert into WIND_DIRECTION (WIND_DIRECTION) values ('N');
Insert into WIND_DIRECTION (WIND_DIRECTION) values ('NA');
Insert into WIND_DIRECTION (WIND_DIRECTION) values ('NE');
Insert into WIND_DIRECTION (WIND_DIRECTION) values ('NNE');
Insert into WIND_DIRECTION (WIND_DIRECTION) values ('NNW');
Insert into WIND_DIRECTION (WIND_DIRECTION) values ('NW');
Insert into WIND_DIRECTION (WIND_DIRECTION) values ('S');
Insert into WIND_DIRECTION (WIND_DIRECTION) values ('SE');
Insert into WIND_DIRECTION (WIND_DIRECTION) values ('SSE');
Insert into WIND_DIRECTION (WIND_DIRECTION) values ('SSW');
Insert into WIND_DIRECTION (WIND_DIRECTION) values ('SW');
Insert into WIND_DIRECTION (WIND_DIRECTION) values ('W');
Insert into WIND_DIRECTION (WIND_DIRECTION) values ('WNW');
Insert into WIND_DIRECTION (WIND_DIRECTION) values ('WSW');
Commit;
--------------------------------------------------------
--  Data for Table WEATHER_DAILY
--------------------------------------------------------
Insert into WEATHER_DAILY (WEATHER_DATE,LOCATION_CODE,RAINFALL,EVAPORATION,SUNSHINE,WIND_GUST_DIR,WIND_GUST_SPEED,RAINFALL_TOMORROW) values (to_date('01.11.2007','DD.MM.RRRR'),'Canberra','0','3,4','6,3','NW','30','3,6');
Insert into WEATHER_DAILY (WEATHER_DATE,LOCATION_CODE,RAINFALL,EVAPORATION,SUNSHINE,WIND_GUST_DIR,WIND_GUST_SPEED,RAINFALL_TOMORROW) values (to_date('02.11.2007','DD.MM.RRRR'),'Canberra','3,6','4,4','9,7','ENE','39','3,6');
Insert into WEATHER_DAILY (WEATHER_DATE,LOCATION_CODE,RAINFALL,EVAPORATION,SUNSHINE,WIND_GUST_DIR,WIND_GUST_SPEED,RAINFALL_TOMORROW) values (to_date('03.11.2007','DD.MM.RRRR'),'Canberra','3,6','5,8','3,3','NW','85','39,8');
Insert into WEATHER_DAILY (WEATHER_DATE,LOCATION_CODE,RAINFALL,EVAPORATION,SUNSHINE,WIND_GUST_DIR,WIND_GUST_SPEED,RAINFALL_TOMORROW) values (to_date('04.11.2007','DD.MM.RRRR'),'Canberra','39,8','7,2','9,1','NW','54','2,8');
Insert into WEATHER_DAILY (WEATHER_DATE,LOCATION_CODE,RAINFALL,EVAPORATION,SUNSHINE,WIND_GUST_DIR,WIND_GUST_SPEED,RAINFALL_TOMORROW) values (to_date('05.11.2007','DD.MM.RRRR'),'Canberra','2,8','5,6','10,6','SSE','50','0');
Insert into WEATHER_DAILY (WEATHER_DATE,LOCATION_CODE,RAINFALL,EVAPORATION,SUNSHINE,WIND_GUST_DIR,WIND_GUST_SPEED,RAINFALL_TOMORROW) values (to_date('06.11.2007','DD.MM.RRRR'),'Canberra','0','5,8','8,2','SE','44','0,2');
Insert into WEATHER_DAILY (WEATHER_DATE,LOCATION_CODE,RAINFALL,EVAPORATION,SUNSHINE,WIND_GUST_DIR,WIND_GUST_SPEED,RAINFALL_TOMORROW) values (to_date('07.11.2007','DD.MM.RRRR'),'Canberra','0,2','4,2','8,4','SE','43','0');
Insert into WEATHER_DAILY (WEATHER_DATE,LOCATION_CODE,RAINFALL,EVAPORATION,SUNSHINE,WIND_GUST_DIR,WIND_GUST_SPEED,RAINFALL_TOMORROW) values (to_date('08.11.2007','DD.MM.RRRR'),'Canberra','0','5,6','4,6','E','41','0');
Insert into WEATHER_DAILY (WEATHER_DATE,LOCATION_CODE,RAINFALL,EVAPORATION,SUNSHINE,WIND_GUST_DIR,WIND_GUST_SPEED,RAINFALL_TOMORROW) values (to_date('09.11.2007','DD.MM.RRRR'),'Canberra','0','4','4,1','S','48','16,2');
Insert into WEATHER_DAILY (WEATHER_DATE,LOCATION_CODE,RAINFALL,EVAPORATION,SUNSHINE,WIND_GUST_DIR,WIND_GUST_SPEED,RAINFALL_TOMORROW) values (to_date('10.11.2007','DD.MM.RRRR'),'Canberra','16,2','5,4','7,7','E','31','0');
Insert into WEATHER_DAILY (WEATHER_DATE,LOCATION_CODE,RAINFALL,EVAPORATION,SUNSHINE,WIND_GUST_DIR,WIND_GUST_SPEED,RAINFALL_TOMORROW) values (to_date('11.11.2007','DD.MM.RRRR'),'Canberra','0','4,2','11,9','N','30','0,2');
Insert into WEATHER_DAILY (WEATHER_DATE,LOCATION_CODE,RAINFALL,EVAPORATION,SUNSHINE,WIND_GUST_DIR,WIND_GUST_SPEED,RAINFALL_TOMORROW) values (to_date('12.11.2007','DD.MM.RRRR'),'Canberra','0,2','7,2','12,5','E','41','0');
Insert into WEATHER_DAILY (WEATHER_DATE,LOCATION_CODE,RAINFALL,EVAPORATION,SUNSHINE,WIND_GUST_DIR,WIND_GUST_SPEED,RAINFALL_TOMORROW) values (to_date('13.11.2007','DD.MM.RRRR'),'Canberra','0','7,2','13','WNW','30','0');
Insert into WEATHER_DAILY (WEATHER_DATE,LOCATION_CODE,RAINFALL,EVAPORATION,SUNSHINE,WIND_GUST_DIR,WIND_GUST_SPEED,RAINFALL_TOMORROW) values (to_date('14.11.2007','DD.MM.RRRR'),'Canberra','0','6,2','12,4','NW','44','0');
Insert into WEATHER_DAILY (WEATHER_DATE,LOCATION_CODE,RAINFALL,EVAPORATION,SUNSHINE,WIND_GUST_DIR,WIND_GUST_SPEED,RAINFALL_TOMORROW) values (to_date('15.11.2007','DD.MM.RRRR'),'Canberra','0','8,8','13,1','NW','41','0');
Insert into WEATHER_DAILY (WEATHER_DATE,LOCATION_CODE,RAINFALL,EVAPORATION,SUNSHINE,WIND_GUST_DIR,WIND_GUST_SPEED,RAINFALL_TOMORROW) values (to_date('16.11.2007','DD.MM.RRRR'),'Canberra','0','8,4','11,1','E','46','0');
Insert into WEATHER_DAILY (WEATHER_DATE,LOCATION_CODE,RAINFALL,EVAPORATION,SUNSHINE,WIND_GUST_DIR,WIND_GUST_SPEED,RAINFALL_TOMORROW) values (to_date('17.11.2007','DD.MM.RRRR'),'Canberra','0','7,2','8,4','ESE','44','1,2');
Insert into WEATHER_DAILY (WEATHER_DATE,LOCATION_CODE,RAINFALL,EVAPORATION,SUNSHINE,WIND_GUST_DIR,WIND_GUST_SPEED,RAINFALL_TOMORROW) values (to_date('18.11.2007','DD.MM.RRRR'),'Canberra','1,2','7,2','10,1','S','52','0,6');
Insert into WEATHER_DAILY (WEATHER_DATE,LOCATION_CODE,RAINFALL,EVAPORATION,SUNSHINE,WIND_GUST_DIR,WIND_GUST_SPEED,RAINFALL_TOMORROW) values (to_date('19.11.2007','DD.MM.RRRR'),'Canberra','0,6','7,4','13','E','39','0');
Insert into WEATHER_DAILY (WEATHER_DATE,LOCATION_CODE,RAINFALL,EVAPORATION,SUNSHINE,WIND_GUST_DIR,WIND_GUST_SPEED,RAINFALL_TOMORROW) values (to_date('20.11.2007','DD.MM.RRRR'),'Canberra','0','8','10,4','NE','33','0');
Insert into WEATHER_DAILY (WEATHER_DATE,LOCATION_CODE,RAINFALL,EVAPORATION,SUNSHINE,WIND_GUST_DIR,WIND_GUST_SPEED,RAINFALL_TOMORROW) values (to_date('21.11.2007','DD.MM.RRRR'),'Canberra','0','8,8','9,5','WNW','59','0,4');
Insert into WEATHER_DAILY (WEATHER_DATE,LOCATION_CODE,RAINFALL,EVAPORATION,SUNSHINE,WIND_GUST_DIR,WIND_GUST_SPEED,RAINFALL_TOMORROW) values (to_date('22.11.2007','DD.MM.RRRR'),'Canberra','0,4','9,2','0','E','26','25,8');
Insert into WEATHER_DAILY (WEATHER_DATE,LOCATION_CODE,RAINFALL,EVAPORATION,SUNSHINE,WIND_GUST_DIR,WIND_GUST_SPEED,RAINFALL_TOMORROW) values (to_date('23.11.2007','DD.MM.RRRR'),'Canberra','25,8','2,8','0,6','ESE','28','0,4');
Insert into WEATHER_DAILY (WEATHER_DATE,LOCATION_CODE,RAINFALL,EVAPORATION,SUNSHINE,WIND_GUST_DIR,WIND_GUST_SPEED,RAINFALL_TOMORROW) values (to_date('24.11.2007','DD.MM.RRRR'),'Canberra','0,4','1,2','7,5','NNE','26','0');
Insert into WEATHER_DAILY (WEATHER_DATE,LOCATION_CODE,RAINFALL,EVAPORATION,SUNSHINE,WIND_GUST_DIR,WIND_GUST_SPEED,RAINFALL_TOMORROW) values (to_date('25.11.2007','DD.MM.RRRR'),'Canberra','0','4,4','8,1','ENE','33','0');
Insert into WEATHER_DAILY (WEATHER_DATE,LOCATION_CODE,RAINFALL,EVAPORATION,SUNSHINE,WIND_GUST_DIR,WIND_GUST_SPEED,RAINFALL_TOMORROW) values (to_date('26.11.2007','DD.MM.RRRR'),'Canberra','0','6,8','8,9','E','41','0,2');
Insert into WEATHER_DAILY (WEATHER_DATE,LOCATION_CODE,RAINFALL,EVAPORATION,SUNSHINE,WIND_GUST_DIR,WIND_GUST_SPEED,RAINFALL_TOMORROW) values (to_date('27.11.2007','DD.MM.RRRR'),'Canberra','0,2','6,6','2,3','ENE','39','0');
Insert into WEATHER_DAILY (WEATHER_DATE,LOCATION_CODE,RAINFALL,EVAPORATION,SUNSHINE,WIND_GUST_DIR,WIND_GUST_SPEED,RAINFALL_TOMORROW) values (to_date('28.11.2007','DD.MM.RRRR'),'Canberra','0','4,4','10,7','S','52','0');
Insert into WEATHER_DAILY (WEATHER_DATE,LOCATION_CODE,RAINFALL,EVAPORATION,SUNSHINE,WIND_GUST_DIR,WIND_GUST_SPEED,RAINFALL_TOMORROW) values (to_date('29.11.2007','DD.MM.RRRR'),'Canberra','0','7','0,4','SE','39','0,4');
Insert into WEATHER_DAILY (WEATHER_DATE,LOCATION_CODE,RAINFALL,EVAPORATION,SUNSHINE,WIND_GUST_DIR,WIND_GUST_SPEED,RAINFALL_TOMORROW) values (to_date('30.11.2007','DD.MM.RRRR'),'Canberra','0,4','2,6','0,5','NNW','30','22,6');
Insert into WEATHER_DAILY (WEATHER_DATE,LOCATION_CODE,RAINFALL,EVAPORATION,SUNSHINE,WIND_GUST_DIR,WIND_GUST_SPEED,RAINFALL_TOMORROW) values (to_date('01.12.2007','DD.MM.RRRR'),'Canberra','22,6','2,4','0,2','SSE','41','4,2');
Insert into WEATHER_DAILY (WEATHER_DATE,LOCATION_CODE,RAINFALL,EVAPORATION,SUNSHINE,WIND_GUST_DIR,WIND_GUST_SPEED,RAINFALL_TOMORROW) values (to_date('02.12.2007','DD.MM.RRRR'),'Canberra','4,2','1,6','12','NNE','41','0,2');
Insert into WEATHER_DAILY (WEATHER_DATE,LOCATION_CODE,RAINFALL,EVAPORATION,SUNSHINE,WIND_GUST_DIR,WIND_GUST_SPEED,RAINFALL_TOMORROW) values (to_date('03.12.2007','DD.MM.RRRR'),'Canberra','0,2','6,6','4,7','NW','50','6,6');
Insert into WEATHER_DAILY (WEATHER_DATE,LOCATION_CODE,RAINFALL,EVAPORATION,SUNSHINE,WIND_GUST_DIR,WIND_GUST_SPEED,RAINFALL_TOMORROW) values (to_date('04.12.2007','DD.MM.RRRR'),'Canberra','6,6','3,8','11,8','NW','50','0');
Insert into WEATHER_DAILY (WEATHER_DATE,LOCATION_CODE,RAINFALL,EVAPORATION,SUNSHINE,WIND_GUST_DIR,WIND_GUST_SPEED,RAINFALL_TOMORROW) values (to_date('05.12.2007','DD.MM.RRRR'),'Canberra','0','8,4','9,8','ENE','43','0');
Insert into WEATHER_DAILY (WEATHER_DATE,LOCATION_CODE,RAINFALL,EVAPORATION,SUNSHINE,WIND_GUST_DIR,WIND_GUST_SPEED,RAINFALL_TOMORROW) values (to_date('06.12.2007','DD.MM.RRRR'),'Canberra','0','6','6,3','ENE','39','0');
Insert into WEATHER_DAILY (WEATHER_DATE,LOCATION_CODE,RAINFALL,EVAPORATION,SUNSHINE,WIND_GUST_DIR,WIND_GUST_SPEED,RAINFALL_TOMORROW) values (to_date('07.12.2007','DD.MM.RRRR'),'Canberra','0','4,2','8,8','SW','41','4');
Insert into WEATHER_DAILY (WEATHER_DATE,LOCATION_CODE,RAINFALL,EVAPORATION,SUNSHINE,WIND_GUST_DIR,WIND_GUST_SPEED,RAINFALL_TOMORROW) values (to_date('08.12.2007','DD.MM.RRRR'),'Canberra','4','4,2','8,8','NE','39','0');
Insert into WEATHER_DAILY (WEATHER_DATE,LOCATION_CODE,RAINFALL,EVAPORATION,SUNSHINE,WIND_GUST_DIR,WIND_GUST_SPEED,RAINFALL_TOMORROW) values (to_date('09.12.2007','DD.MM.RRRR'),'Canberra','0','6,6','11,1','NW','43','0');
Insert into WEATHER_DAILY (WEATHER_DATE,LOCATION_CODE,RAINFALL,EVAPORATION,SUNSHINE,WIND_GUST_DIR,WIND_GUST_SPEED,RAINFALL_TOMORROW) values (to_date('10.12.2007','DD.MM.RRRR'),'Canberra','0','10,4','10','NNW','35','0,6');
Insert into WEATHER_DAILY (WEATHER_DATE,LOCATION_CODE,RAINFALL,EVAPORATION,SUNSHINE,WIND_GUST_DIR,WIND_GUST_SPEED,RAINFALL_TOMORROW) values (to_date('11.12.2007','DD.MM.RRRR'),'Canberra','0,6','4,8','2,3','ENE','35','0');
Insert into WEATHER_DAILY (WEATHER_DATE,LOCATION_CODE,RAINFALL,EVAPORATION,SUNSHINE,WIND_GUST_DIR,WIND_GUST_SPEED,RAINFALL_TOMORROW) values (to_date('12.12.2007','DD.MM.RRRR'),'Canberra','0','4,2','7,3','ENE','41','0');
Insert into WEATHER_DAILY (WEATHER_DATE,LOCATION_CODE,RAINFALL,EVAPORATION,SUNSHINE,WIND_GUST_DIR,WIND_GUST_SPEED,RAINFALL_TOMORROW) values (to_date('13.12.2007','DD.MM.RRRR'),'Canberra','0','5','3,6','SE','39','0');
Insert into WEATHER_DAILY (WEATHER_DATE,LOCATION_CODE,RAINFALL,EVAPORATION,SUNSHINE,WIND_GUST_DIR,WIND_GUST_SPEED,RAINFALL_TOMORROW) values (to_date('14.12.2007','DD.MM.RRRR'),'Canberra','0','4,4','12,7','E','35','0');
Insert into WEATHER_DAILY (WEATHER_DATE,LOCATION_CODE,RAINFALL,EVAPORATION,SUNSHINE,WIND_GUST_DIR,WIND_GUST_SPEED,RAINFALL_TOMORROW) values (to_date('15.12.2007','DD.MM.RRRR'),'Canberra','0','6,8','8,8','E','41','5,4');
Insert into WEATHER_DAILY (WEATHER_DATE,LOCATION_CODE,RAINFALL,EVAPORATION,SUNSHINE,WIND_GUST_DIR,WIND_GUST_SPEED,RAINFALL_TOMORROW) values (to_date('16.12.2007','DD.MM.RRRR'),'Canberra','5,4','6,4','0,9','S','31','1,4');
Insert into WEATHER_DAILY (WEATHER_DATE,LOCATION_CODE,RAINFALL,EVAPORATION,SUNSHINE,WIND_GUST_DIR,WIND_GUST_SPEED,RAINFALL_TOMORROW) values (to_date('17.12.2007','DD.MM.RRRR'),'Canberra','1,4','2,8','10,6','ESE','48','0');
Insert into WEATHER_DAILY (WEATHER_DATE,LOCATION_CODE,RAINFALL,EVAPORATION,SUNSHINE,WIND_GUST_DIR,WIND_GUST_SPEED,RAINFALL_TOMORROW) values (to_date('18.12.2007','DD.MM.RRRR'),'Canberra','0','6,6','8,7','ENE','39','0');
Insert into WEATHER_DAILY (WEATHER_DATE,LOCATION_CODE,RAINFALL,EVAPORATION,SUNSHINE,WIND_GUST_DIR,WIND_GUST_SPEED,RAINFALL_TOMORROW) values (to_date('19.12.2007','DD.MM.RRRR'),'Canberra','0','6,4','0,8','NE','22','3,4');
Insert into WEATHER_DAILY (WEATHER_DATE,LOCATION_CODE,RAINFALL,EVAPORATION,SUNSHINE,WIND_GUST_DIR,WIND_GUST_SPEED,RAINFALL_TOMORROW) values (to_date('20.12.2007','DD.MM.RRRR'),'Canberra','3,4','1,6','2,3','NNW','30','6,4');
Insert into WEATHER_DAILY (WEATHER_DATE,LOCATION_CODE,RAINFALL,EVAPORATION,SUNSHINE,WIND_GUST_DIR,WIND_GUST_SPEED,RAINFALL_TOMORROW) values (to_date('21.12.2007','DD.MM.RRRR'),'Canberra','6,4','1,8','8,1','N','41','11');
Insert into WEATHER_DAILY (WEATHER_DATE,LOCATION_CODE,RAINFALL,EVAPORATION,SUNSHINE,WIND_GUST_DIR,WIND_GUST_SPEED,RAINFALL_TOMORROW) values (to_date('22.12.2007','DD.MM.RRRR'),'Canberra','11','4,4','5,9','NNW','76','17,4');
Insert into WEATHER_DAILY (WEATHER_DATE,LOCATION_CODE,RAINFALL,EVAPORATION,SUNSHINE,WIND_GUST_DIR,WIND_GUST_SPEED,RAINFALL_TOMORROW) values (to_date('23.12.2007','DD.MM.RRRR'),'Canberra','17,4','7,8','10,2','ENE','39','0');
Insert into WEATHER_DAILY (WEATHER_DATE,LOCATION_CODE,RAINFALL,EVAPORATION,SUNSHINE,WIND_GUST_DIR,WIND_GUST_SPEED,RAINFALL_TOMORROW) values (to_date('24.12.2007','DD.MM.RRRR'),'Canberra','0','6,2','12,1','NW','44','3,4');
Insert into WEATHER_DAILY (WEATHER_DATE,LOCATION_CODE,RAINFALL,EVAPORATION,SUNSHINE,WIND_GUST_DIR,WIND_GUST_SPEED,RAINFALL_TOMORROW) values (to_date('25.12.2007','DD.MM.RRRR'),'Canberra','3,4','8,2','5,6','E','41','0');
Insert into WEATHER_DAILY (WEATHER_DATE,LOCATION_CODE,RAINFALL,EVAPORATION,SUNSHINE,WIND_GUST_DIR,WIND_GUST_SPEED,RAINFALL_TOMORROW) values (to_date('26.12.2007','DD.MM.RRRR'),'Canberra','0','5,2','13','NNW','41','0');
Insert into WEATHER_DAILY (WEATHER_DATE,LOCATION_CODE,RAINFALL,EVAPORATION,SUNSHINE,WIND_GUST_DIR,WIND_GUST_SPEED,RAINFALL_TOMORROW) values (to_date('27.12.2007','DD.MM.RRRR'),'Canberra','0','7,2','7,1','NNW','65','14,4');
Insert into WEATHER_DAILY (WEATHER_DATE,LOCATION_CODE,RAINFALL,EVAPORATION,SUNSHINE,WIND_GUST_DIR,WIND_GUST_SPEED,RAINFALL_TOMORROW) values (to_date('28.12.2007','DD.MM.RRRR'),'Canberra','14,4','8,8','13,2','NNW','28','0');
Insert into WEATHER_DAILY (WEATHER_DATE,LOCATION_CODE,RAINFALL,EVAPORATION,SUNSHINE,WIND_GUST_DIR,WIND_GUST_SPEED,RAINFALL_TOMORROW) values (to_date('29.12.2007','DD.MM.RRRR'),'Canberra','0','6,6','13,6','NNW','30','0');
Insert into WEATHER_DAILY (WEATHER_DATE,LOCATION_CODE,RAINFALL,EVAPORATION,SUNSHINE,WIND_GUST_DIR,WIND_GUST_SPEED,RAINFALL_TOMORROW) values (to_date('30.12.2007','DD.MM.RRRR'),'Canberra','0','9,6','13','E','39','0');
Insert into WEATHER_DAILY (WEATHER_DATE,LOCATION_CODE,RAINFALL,EVAPORATION,SUNSHINE,WIND_GUST_DIR,WIND_GUST_SPEED,RAINFALL_TOMORROW) values (to_date('31.12.2007','DD.MM.RRRR'),'Canberra','0','11,4','13,6','NE','31','0');
Commit;
--------------------------------------------------------
--  Data for Table WEATHER_HOURLY
--------------------------------------------------------
Insert into WEATHER_HOURLY (WEATHER_DATE,LOCATION_CODE,TIME,WIND_DIR,WIND_SPEED,HUMIDITY,PRESSURE,CLOUD,TEMPERATURE) values (to_date('01.11.2007','DD.MM.RRRR'),'Canberra','9','SW','6','68','1019,7','7','14,4');
Insert into WEATHER_HOURLY (WEATHER_DATE,LOCATION_CODE,TIME,WIND_DIR,WIND_SPEED,HUMIDITY,PRESSURE,CLOUD,TEMPERATURE) values (to_date('01.11.2007','DD.MM.RRRR'),'Canberra','15','NW','20','29','1015','7','23,6');
Insert into WEATHER_HOURLY (WEATHER_DATE,LOCATION_CODE,TIME,WIND_DIR,WIND_SPEED,HUMIDITY,PRESSURE,CLOUD,TEMPERATURE) values (to_date('02.11.2007','DD.MM.RRRR'),'Canberra','9','E','4','80','1012,4','5','17,5');
Insert into WEATHER_HOURLY (WEATHER_DATE,LOCATION_CODE,TIME,WIND_DIR,WIND_SPEED,HUMIDITY,PRESSURE,CLOUD,TEMPERATURE) values (to_date('02.11.2007','DD.MM.RRRR'),'Canberra','15','W','17','36','1008,4','3','25,7');
Insert into WEATHER_HOURLY (WEATHER_DATE,LOCATION_CODE,TIME,WIND_DIR,WIND_SPEED,HUMIDITY,PRESSURE,CLOUD,TEMPERATURE) values (to_date('03.11.2007','DD.MM.RRRR'),'Canberra','9','N','6','82','1009,5','8','15,4');
Insert into WEATHER_HOURLY (WEATHER_DATE,LOCATION_CODE,TIME,WIND_DIR,WIND_SPEED,HUMIDITY,PRESSURE,CLOUD,TEMPERATURE) values (to_date('03.11.2007','DD.MM.RRRR'),'Canberra','15','NNE','6','69','1007,2','7','20,2');
Insert into WEATHER_HOURLY (WEATHER_DATE,LOCATION_CODE,TIME,WIND_DIR,WIND_SPEED,HUMIDITY,PRESSURE,CLOUD,TEMPERATURE) values (to_date('04.11.2007','DD.MM.RRRR'),'Canberra','9','WNW','30','62','1005,5','2','13,5');
Insert into WEATHER_HOURLY (WEATHER_DATE,LOCATION_CODE,TIME,WIND_DIR,WIND_SPEED,HUMIDITY,PRESSURE,CLOUD,TEMPERATURE) values (to_date('04.11.2007','DD.MM.RRRR'),'Canberra','15','W','24','56','1007','7','14,1');
Insert into WEATHER_HOURLY (WEATHER_DATE,LOCATION_CODE,TIME,WIND_DIR,WIND_SPEED,HUMIDITY,PRESSURE,CLOUD,TEMPERATURE) values (to_date('05.11.2007','DD.MM.RRRR'),'Canberra','9','SSE','20','68','1018,3','7','11,1');
Insert into WEATHER_HOURLY (WEATHER_DATE,LOCATION_CODE,TIME,WIND_DIR,WIND_SPEED,HUMIDITY,PRESSURE,CLOUD,TEMPERATURE) values (to_date('05.11.2007','DD.MM.RRRR'),'Canberra','15','ESE','28','49','1018,5','7','15,4');
Insert into WEATHER_HOURLY (WEATHER_DATE,LOCATION_CODE,TIME,WIND_DIR,WIND_SPEED,HUMIDITY,PRESSURE,CLOUD,TEMPERATURE) values (to_date('06.11.2007','DD.MM.RRRR'),'Canberra','9','SE','20','70','1023,8','7','10,9');
Insert into WEATHER_HOURLY (WEATHER_DATE,LOCATION_CODE,TIME,WIND_DIR,WIND_SPEED,HUMIDITY,PRESSURE,CLOUD,TEMPERATURE) values (to_date('06.11.2007','DD.MM.RRRR'),'Canberra','15','E','24','57','1021,7','5','14,8');
Insert into WEATHER_HOURLY (WEATHER_DATE,LOCATION_CODE,TIME,WIND_DIR,WIND_SPEED,HUMIDITY,PRESSURE,CLOUD,TEMPERATURE) values (to_date('07.11.2007','DD.MM.RRRR'),'Canberra','9','SE','19','63','1024,6','4','12,4');
Insert into WEATHER_HOURLY (WEATHER_DATE,LOCATION_CODE,TIME,WIND_DIR,WIND_SPEED,HUMIDITY,PRESSURE,CLOUD,TEMPERATURE) values (to_date('07.11.2007','DD.MM.RRRR'),'Canberra','15','ESE','26','47','1022,2','6','17,3');
Insert into WEATHER_HOURLY (WEATHER_DATE,LOCATION_CODE,TIME,WIND_DIR,WIND_SPEED,HUMIDITY,PRESSURE,CLOUD,TEMPERATURE) values (to_date('08.11.2007','DD.MM.RRRR'),'Canberra','9','SE','11','65','1026,2','6','12,1');
Insert into WEATHER_HOURLY (WEATHER_DATE,LOCATION_CODE,TIME,WIND_DIR,WIND_SPEED,HUMIDITY,PRESSURE,CLOUD,TEMPERATURE) values (to_date('08.11.2007','DD.MM.RRRR'),'Canberra','15','E','24','57','1024,2','7','15,5');
Insert into WEATHER_HOURLY (WEATHER_DATE,LOCATION_CODE,TIME,WIND_DIR,WIND_SPEED,HUMIDITY,PRESSURE,CLOUD,TEMPERATURE) values (to_date('09.11.2007','DD.MM.RRRR'),'Canberra','9','E','19','70','1026,1','7','14,1');
Insert into WEATHER_HOURLY (WEATHER_DATE,LOCATION_CODE,TIME,WIND_DIR,WIND_SPEED,HUMIDITY,PRESSURE,CLOUD,TEMPERATURE) values (to_date('09.11.2007','DD.MM.RRRR'),'Canberra','15','ENE','17','48','1022,7','7','18,9');
Insert into WEATHER_HOURLY (WEATHER_DATE,LOCATION_CODE,TIME,WIND_DIR,WIND_SPEED,HUMIDITY,PRESSURE,CLOUD,TEMPERATURE) values (to_date('10.11.2007','DD.MM.RRRR'),'Canberra','9','S','7','82','1024,1','7','13,3');
Insert into WEATHER_HOURLY (WEATHER_DATE,LOCATION_CODE,TIME,WIND_DIR,WIND_SPEED,HUMIDITY,PRESSURE,CLOUD,TEMPERATURE) values (to_date('10.11.2007','DD.MM.RRRR'),'Canberra','15','ESE','6','32','1020,7','1','21,7');
Insert into WEATHER_HOURLY (WEATHER_DATE,LOCATION_CODE,TIME,WIND_DIR,WIND_SPEED,HUMIDITY,PRESSURE,CLOUD,TEMPERATURE) values (to_date('11.11.2007','DD.MM.RRRR'),'Canberra','9','SE','6','74','1024,4','1','14,6');
Insert into WEATHER_HOURLY (WEATHER_DATE,LOCATION_CODE,TIME,WIND_DIR,WIND_SPEED,HUMIDITY,PRESSURE,CLOUD,TEMPERATURE) values (to_date('11.11.2007','DD.MM.RRRR'),'Canberra','15','NW','9','34','1021,1','2','24');
Insert into WEATHER_HOURLY (WEATHER_DATE,LOCATION_CODE,TIME,WIND_DIR,WIND_SPEED,HUMIDITY,PRESSURE,CLOUD,TEMPERATURE) values (to_date('12.11.2007','DD.MM.RRRR'),'Canberra','9','E','2','54','1023,8','0','16,8');
Insert into WEATHER_HOURLY (WEATHER_DATE,LOCATION_CODE,TIME,WIND_DIR,WIND_SPEED,HUMIDITY,PRESSURE,CLOUD,TEMPERATURE) values (to_date('12.11.2007','DD.MM.RRRR'),'Canberra','15','NW','15','35','1019,9','3','26');
Insert into WEATHER_HOURLY (WEATHER_DATE,LOCATION_CODE,TIME,WIND_DIR,WIND_SPEED,HUMIDITY,PRESSURE,CLOUD,TEMPERATURE) values (to_date('13.11.2007','DD.MM.RRRR'),'Canberra','9','S','6','62','1022','0','17');
Insert into WEATHER_HOURLY (WEATHER_DATE,LOCATION_CODE,TIME,WIND_DIR,WIND_SPEED,HUMIDITY,PRESSURE,CLOUD,TEMPERATURE) values (to_date('13.11.2007','DD.MM.RRRR'),'Canberra','15','NW','7','29','1017,1','1','27,1');
Insert into WEATHER_HOURLY (WEATHER_DATE,LOCATION_CODE,TIME,WIND_DIR,WIND_SPEED,HUMIDITY,PRESSURE,CLOUD,TEMPERATURE) values (to_date('14.11.2007','DD.MM.RRRR'),'Canberra','9','WNW','7','67','1017,3','1','19,7');
Insert into WEATHER_HOURLY (WEATHER_DATE,LOCATION_CODE,TIME,WIND_DIR,WIND_SPEED,HUMIDITY,PRESSURE,CLOUD,TEMPERATURE) values (to_date('14.11.2007','DD.MM.RRRR'),'Canberra','15','W','20','20','1013,1','4','30,7');
Insert into WEATHER_HOURLY (WEATHER_DATE,LOCATION_CODE,TIME,WIND_DIR,WIND_SPEED,HUMIDITY,PRESSURE,CLOUD,TEMPERATURE) values (to_date('15.11.2007','DD.MM.RRRR'),'Canberra','9','S','6','45','1018,2','0','18,7');
Insert into WEATHER_HOURLY (WEATHER_DATE,LOCATION_CODE,TIME,WIND_DIR,WIND_SPEED,HUMIDITY,PRESSURE,CLOUD,TEMPERATURE) values (to_date('15.11.2007','DD.MM.RRRR'),'Canberra','15','W','20','16','1013,7','1','30,4');
Insert into WEATHER_HOURLY (WEATHER_DATE,LOCATION_CODE,TIME,WIND_DIR,WIND_SPEED,HUMIDITY,PRESSURE,CLOUD,TEMPERATURE) values (to_date('16.11.2007','DD.MM.RRRR'),'Canberra','9','SE','7','70','1017,9','0','19,1');
Insert into WEATHER_HOURLY (WEATHER_DATE,LOCATION_CODE,TIME,WIND_DIR,WIND_SPEED,HUMIDITY,PRESSURE,CLOUD,TEMPERATURE) values (to_date('16.11.2007','DD.MM.RRRR'),'Canberra','15','WSW','9','22','1012,8','3','30,7');
Insert into WEATHER_HOURLY (WEATHER_DATE,LOCATION_CODE,TIME,WIND_DIR,WIND_SPEED,HUMIDITY,PRESSURE,CLOUD,TEMPERATURE) values (to_date('17.11.2007','DD.MM.RRRR'),'Canberra','9','WSW','6','72','1014,4','7','20,2');
Insert into WEATHER_HOURLY (WEATHER_DATE,LOCATION_CODE,TIME,WIND_DIR,WIND_SPEED,HUMIDITY,PRESSURE,CLOUD,TEMPERATURE) values (to_date('17.11.2007','DD.MM.RRRR'),'Canberra','15','W','19','23','1009,8','6','29,8');
Insert into WEATHER_HOURLY (WEATHER_DATE,LOCATION_CODE,TIME,WIND_DIR,WIND_SPEED,HUMIDITY,PRESSURE,CLOUD,TEMPERATURE) values (to_date('18.11.2007','DD.MM.RRRR'),'Canberra','9','SW','6','59','1016,4','1','20,1');
Insert into WEATHER_HOURLY (WEATHER_DATE,LOCATION_CODE,TIME,WIND_DIR,WIND_SPEED,HUMIDITY,PRESSURE,CLOUD,TEMPERATURE) values (to_date('18.11.2007','DD.MM.RRRR'),'Canberra','15','NE','11','26','1013','5','28,6');
Insert into WEATHER_HOURLY (WEATHER_DATE,LOCATION_CODE,TIME,WIND_DIR,WIND_SPEED,HUMIDITY,PRESSURE,CLOUD,TEMPERATURE) values (to_date('19.11.2007','DD.MM.RRRR'),'Canberra','9','NNE','4','60','1017,1','1','20,2');
Insert into WEATHER_HOURLY (WEATHER_DATE,LOCATION_CODE,TIME,WIND_DIR,WIND_SPEED,HUMIDITY,PRESSURE,CLOUD,TEMPERATURE) values (to_date('19.11.2007','DD.MM.RRRR'),'Canberra','15','W','17','25','1013,3','3','31,2');
Insert into WEATHER_HOURLY (WEATHER_DATE,LOCATION_CODE,TIME,WIND_DIR,WIND_SPEED,HUMIDITY,PRESSURE,CLOUD,TEMPERATURE) values (to_date('20.11.2007','DD.MM.RRRR'),'Canberra','9','NNW','2','61','1018,5','0','22,8');
Insert into WEATHER_HOURLY (WEATHER_DATE,LOCATION_CODE,TIME,WIND_DIR,WIND_SPEED,HUMIDITY,PRESSURE,CLOUD,TEMPERATURE) values (to_date('20.11.2007','DD.MM.RRRR'),'Canberra','15','NNW','13','27','1013,7','1','32');
Insert into WEATHER_HOURLY (WEATHER_DATE,LOCATION_CODE,TIME,WIND_DIR,WIND_SPEED,HUMIDITY,PRESSURE,CLOUD,TEMPERATURE) values (to_date('21.11.2007','DD.MM.RRRR'),'Canberra','9','N','2','60','1012,4','1','22,2');
Insert into WEATHER_HOURLY (WEATHER_DATE,LOCATION_CODE,TIME,WIND_DIR,WIND_SPEED,HUMIDITY,PRESSURE,CLOUD,TEMPERATURE) values (to_date('21.11.2007','DD.MM.RRRR'),'Canberra','15','NW','31','26','1006,5','5','32,8');
Insert into WEATHER_HOURLY (WEATHER_DATE,LOCATION_CODE,TIME,WIND_DIR,WIND_SPEED,HUMIDITY,PRESSURE,CLOUD,TEMPERATURE) values (to_date('22.11.2007','DD.MM.RRRR'),'Canberra','9','ENE','6','88','1010,7','8','16,5');
Insert into WEATHER_HOURLY (WEATHER_DATE,LOCATION_CODE,TIME,WIND_DIR,WIND_SPEED,HUMIDITY,PRESSURE,CLOUD,TEMPERATURE) values (to_date('22.11.2007','DD.MM.RRRR'),'Canberra','15','E','11','72','1008,9','8','18,3');
Insert into WEATHER_HOURLY (WEATHER_DATE,LOCATION_CODE,TIME,WIND_DIR,WIND_SPEED,HUMIDITY,PRESSURE,CLOUD,TEMPERATURE) values (to_date('23.11.2007','DD.MM.RRRR'),'Canberra','9','S','13','91','1014','8','14');
Insert into WEATHER_HOURLY (WEATHER_DATE,LOCATION_CODE,TIME,WIND_DIR,WIND_SPEED,HUMIDITY,PRESSURE,CLOUD,TEMPERATURE) values (to_date('23.11.2007','DD.MM.RRRR'),'Canberra','15','SE','13','79','1014,9','8','16,8');
Insert into WEATHER_HOURLY (WEATHER_DATE,LOCATION_CODE,TIME,WIND_DIR,WIND_SPEED,HUMIDITY,PRESSURE,CLOUD,TEMPERATURE) values (to_date('24.11.2007','DD.MM.RRRR'),'Canberra','9','WSW','6','74','1020,7','7','17,8');
Insert into WEATHER_HOURLY (WEATHER_DATE,LOCATION_CODE,TIME,WIND_DIR,WIND_SPEED,HUMIDITY,PRESSURE,CLOUD,TEMPERATURE) values (to_date('24.11.2007','DD.MM.RRRR'),'Canberra','15','NE','9','57','1019,2','5','22,8');
Insert into WEATHER_HOURLY (WEATHER_DATE,LOCATION_CODE,TIME,WIND_DIR,WIND_SPEED,HUMIDITY,PRESSURE,CLOUD,TEMPERATURE) values (to_date('25.11.2007','DD.MM.RRRR'),'Canberra','9','SSE','9','85','1022,4','8','16,8');
Insert into WEATHER_HOURLY (WEATHER_DATE,LOCATION_CODE,TIME,WIND_DIR,WIND_SPEED,HUMIDITY,PRESSURE,CLOUD,TEMPERATURE) values (to_date('25.11.2007','DD.MM.RRRR'),'Canberra','15','NE','15','31','1018,6','2','27,3');
Insert into WEATHER_HOURLY (WEATHER_DATE,LOCATION_CODE,TIME,WIND_DIR,WIND_SPEED,HUMIDITY,PRESSURE,CLOUD,TEMPERATURE) values (to_date('26.11.2007','DD.MM.RRRR'),'Canberra','9','E','6','65','1019,7','2','19,8');
Insert into WEATHER_HOURLY (WEATHER_DATE,LOCATION_CODE,TIME,WIND_DIR,WIND_SPEED,HUMIDITY,PRESSURE,CLOUD,TEMPERATURE) values (to_date('26.11.2007','DD.MM.RRRR'),'Canberra','15','E','22','48','1016,5','4','25,1');
Insert into WEATHER_HOURLY (WEATHER_DATE,LOCATION_CODE,TIME,WIND_DIR,WIND_SPEED,HUMIDITY,PRESSURE,CLOUD,TEMPERATURE) values (to_date('27.11.2007','DD.MM.RRRR'),'Canberra','9','E','20','70','1021','7','16,5');
Insert into WEATHER_HOURLY (WEATHER_DATE,LOCATION_CODE,TIME,WIND_DIR,WIND_SPEED,HUMIDITY,PRESSURE,CLOUD,TEMPERATURE) values (to_date('27.11.2007','DD.MM.RRRR'),'Canberra','15','E','17','55','1018,6','7','21,2');
Insert into WEATHER_HOURLY (WEATHER_DATE,LOCATION_CODE,TIME,WIND_DIR,WIND_SPEED,HUMIDITY,PRESSURE,CLOUD,TEMPERATURE) values (to_date('28.11.2007','DD.MM.RRRR'),'Canberra','9','S','6','61','1019,2','5','18,8');
Insert into WEATHER_HOURLY (WEATHER_DATE,LOCATION_CODE,TIME,WIND_DIR,WIND_SPEED,HUMIDITY,PRESSURE,CLOUD,TEMPERATURE) values (to_date('28.11.2007','DD.MM.RRRR'),'Canberra','15','NNE','11','31','1014,8','7','26,7');
Insert into WEATHER_HOURLY (WEATHER_DATE,LOCATION_CODE,TIME,WIND_DIR,WIND_SPEED,HUMIDITY,PRESSURE,CLOUD,TEMPERATURE) values (to_date('29.11.2007','DD.MM.RRRR'),'Canberra','9','SE','7','69','1019','7','18,9');
Insert into WEATHER_HOURLY (WEATHER_DATE,LOCATION_CODE,TIME,WIND_DIR,WIND_SPEED,HUMIDITY,PRESSURE,CLOUD,TEMPERATURE) values (to_date('29.11.2007','DD.MM.RRRR'),'Canberra','15','SE','17','80','1017,1','7','19,7');
Insert into WEATHER_HOURLY (WEATHER_DATE,LOCATION_CODE,TIME,WIND_DIR,WIND_SPEED,HUMIDITY,PRESSURE,CLOUD,TEMPERATURE) values (to_date('30.11.2007','DD.MM.RRRR'),'Canberra','9','SSW','6','83','1017,2','8','17,3');
Insert into WEATHER_HOURLY (WEATHER_DATE,LOCATION_CODE,TIME,WIND_DIR,WIND_SPEED,HUMIDITY,PRESSURE,CLOUD,TEMPERATURE) values (to_date('30.11.2007','DD.MM.RRRR'),'Canberra','15','S','6','49','1013,3','7','23,2');
Insert into WEATHER_HOURLY (WEATHER_DATE,LOCATION_CODE,TIME,WIND_DIR,WIND_SPEED,HUMIDITY,PRESSURE,CLOUD,TEMPERATURE) values (to_date('01.12.2007','DD.MM.RRRR'),'Canberra','9','E','6','82','1015','8','17');
Insert into WEATHER_HOURLY (WEATHER_DATE,LOCATION_CODE,TIME,WIND_DIR,WIND_SPEED,HUMIDITY,PRESSURE,CLOUD,TEMPERATURE) values (to_date('01.12.2007','DD.MM.RRRR'),'Canberra','15','S','20','90','1014,1','8','16,3');
Insert into WEATHER_HOURLY (WEATHER_DATE,LOCATION_CODE,TIME,WIND_DIR,WIND_SPEED,HUMIDITY,PRESSURE,CLOUD,TEMPERATURE) values (to_date('02.12.2007','DD.MM.RRRR'),'Canberra','9','E','6','66','1013,9','2','16,7');
Insert into WEATHER_HOURLY (WEATHER_DATE,LOCATION_CODE,TIME,WIND_DIR,WIND_SPEED,HUMIDITY,PRESSURE,CLOUD,TEMPERATURE) values (to_date('02.12.2007','DD.MM.RRRR'),'Canberra','15','SW','9','46','1009,5','2','25,2');
Insert into WEATHER_HOURLY (WEATHER_DATE,LOCATION_CODE,TIME,WIND_DIR,WIND_SPEED,HUMIDITY,PRESSURE,CLOUD,TEMPERATURE) values (to_date('03.12.2007','DD.MM.RRRR'),'Canberra','9','WNW','13','72','1007,9','7','20,5');
Insert into WEATHER_HOURLY (WEATHER_DATE,LOCATION_CODE,TIME,WIND_DIR,WIND_SPEED,HUMIDITY,PRESSURE,CLOUD,TEMPERATURE) values (to_date('03.12.2007','DD.MM.RRRR'),'Canberra','15','NW','35','60','1004,6','7','19,9');
Insert into WEATHER_HOURLY (WEATHER_DATE,LOCATION_CODE,TIME,WIND_DIR,WIND_SPEED,HUMIDITY,PRESSURE,CLOUD,TEMPERATURE) values (to_date('04.12.2007','DD.MM.RRRR'),'Canberra','9','NW','20','74','1007,3','5','18,8');
Insert into WEATHER_HOURLY (WEATHER_DATE,LOCATION_CODE,TIME,WIND_DIR,WIND_SPEED,HUMIDITY,PRESSURE,CLOUD,TEMPERATURE) values (to_date('04.12.2007','DD.MM.RRRR'),'Canberra','15','WNW','26','40','1006,3','2','25,1');
Insert into WEATHER_HOURLY (WEATHER_DATE,LOCATION_CODE,TIME,WIND_DIR,WIND_SPEED,HUMIDITY,PRESSURE,CLOUD,TEMPERATURE) values (to_date('05.12.2007','DD.MM.RRRR'),'Canberra','9','ESE','11','69','1015','7','18,6');
Insert into WEATHER_HOURLY (WEATHER_DATE,LOCATION_CODE,TIME,WIND_DIR,WIND_SPEED,HUMIDITY,PRESSURE,CLOUD,TEMPERATURE) values (to_date('05.12.2007','DD.MM.RRRR'),'Canberra','15','E','30','63','1015,3','1','20,5');
Insert into WEATHER_HOURLY (WEATHER_DATE,LOCATION_CODE,TIME,WIND_DIR,WIND_SPEED,HUMIDITY,PRESSURE,CLOUD,TEMPERATURE) values (to_date('06.12.2007','DD.MM.RRRR'),'Canberra','9','ESE','13','78','1018,8','8','18,6');
Insert into WEATHER_HOURLY (WEATHER_DATE,LOCATION_CODE,TIME,WIND_DIR,WIND_SPEED,HUMIDITY,PRESSURE,CLOUD,TEMPERATURE) values (to_date('06.12.2007','DD.MM.RRRR'),'Canberra','15','ESE','9','54','1016,1','7','24,5');
Insert into WEATHER_HOURLY (WEATHER_DATE,LOCATION_CODE,TIME,WIND_DIR,WIND_SPEED,HUMIDITY,PRESSURE,CLOUD,TEMPERATURE) values (to_date('07.12.2007','DD.MM.RRRR'),'Canberra','9','NW','6','70','1014,5','6','21,5');
Insert into WEATHER_HOURLY (WEATHER_DATE,LOCATION_CODE,TIME,WIND_DIR,WIND_SPEED,HUMIDITY,PRESSURE,CLOUD,TEMPERATURE) values (to_date('07.12.2007','DD.MM.RRRR'),'Canberra','15','N','6','74','1011,5','7','22,6');
Insert into WEATHER_HOURLY (WEATHER_DATE,LOCATION_CODE,TIME,WIND_DIR,WIND_SPEED,HUMIDITY,PRESSURE,CLOUD,TEMPERATURE) values (to_date('08.12.2007','DD.MM.RRRR'),'Canberra','9','E','7','76','1014,8','8','18');
Insert into WEATHER_HOURLY (WEATHER_DATE,LOCATION_CODE,TIME,WIND_DIR,WIND_SPEED,HUMIDITY,PRESSURE,CLOUD,TEMPERATURE) values (to_date('08.12.2007','DD.MM.RRRR'),'Canberra','15','N','13','42','1011,4','1','26,3');
Insert into WEATHER_HOURLY (WEATHER_DATE,LOCATION_CODE,TIME,WIND_DIR,WIND_SPEED,HUMIDITY,PRESSURE,CLOUD,TEMPERATURE) values (to_date('09.12.2007','DD.MM.RRRR'),'Canberra','9','N','9','78','1010,8','7','20,6');
Insert into WEATHER_HOURLY (WEATHER_DATE,LOCATION_CODE,TIME,WIND_DIR,WIND_SPEED,HUMIDITY,PRESSURE,CLOUD,TEMPERATURE) values (to_date('09.12.2007','DD.MM.RRRR'),'Canberra','15','W','24','24','1008,5','7','28,6');
Insert into WEATHER_HOURLY (WEATHER_DATE,LOCATION_CODE,TIME,WIND_DIR,WIND_SPEED,HUMIDITY,PRESSURE,CLOUD,TEMPERATURE) values (to_date('10.12.2007','DD.MM.RRRR'),'Canberra','9','NNE','11','58','1011,7','7','19,3');
Insert into WEATHER_HOURLY (WEATHER_DATE,LOCATION_CODE,TIME,WIND_DIR,WIND_SPEED,HUMIDITY,PRESSURE,CLOUD,TEMPERATURE) values (to_date('10.12.2007','DD.MM.RRRR'),'Canberra','15','WNW','6','37','1010,4','7','22,9');
Insert into WEATHER_HOURLY (WEATHER_DATE,LOCATION_CODE,TIME,WIND_DIR,WIND_SPEED,HUMIDITY,PRESSURE,CLOUD,TEMPERATURE) values (to_date('11.12.2007','DD.MM.RRRR'),'Canberra','9','ESE','9','60','1018','8','13,8');
Insert into WEATHER_HOURLY (WEATHER_DATE,LOCATION_CODE,TIME,WIND_DIR,WIND_SPEED,HUMIDITY,PRESSURE,CLOUD,TEMPERATURE) values (to_date('11.12.2007','DD.MM.RRRR'),'Canberra','15','E','15','63','1017,4','6','16,4');
Insert into WEATHER_HOURLY (WEATHER_DATE,LOCATION_CODE,TIME,WIND_DIR,WIND_SPEED,HUMIDITY,PRESSURE,CLOUD,TEMPERATURE) values (to_date('12.12.2007','DD.MM.RRRR'),'Canberra','9','ESE','15','66','1021,1','7','15,7');
Insert into WEATHER_HOURLY (WEATHER_DATE,LOCATION_CODE,TIME,WIND_DIR,WIND_SPEED,HUMIDITY,PRESSURE,CLOUD,TEMPERATURE) values (to_date('12.12.2007','DD.MM.RRRR'),'Canberra','15','E','24','51','1019,6','5','19,4');
Insert into WEATHER_HOURLY (WEATHER_DATE,LOCATION_CODE,TIME,WIND_DIR,WIND_SPEED,HUMIDITY,PRESSURE,CLOUD,TEMPERATURE) values (to_date('13.12.2007','DD.MM.RRRR'),'Canberra','9','ESE','22','70','1021,9','7','15,8');
Insert into WEATHER_HOURLY (WEATHER_DATE,LOCATION_CODE,TIME,WIND_DIR,WIND_SPEED,HUMIDITY,PRESSURE,CLOUD,TEMPERATURE) values (to_date('13.12.2007','DD.MM.RRRR'),'Canberra','15','E','20','49','1019,3','7','19,2');
Insert into WEATHER_HOURLY (WEATHER_DATE,LOCATION_CODE,TIME,WIND_DIR,WIND_SPEED,HUMIDITY,PRESSURE,CLOUD,TEMPERATURE) values (to_date('14.12.2007','DD.MM.RRRR'),'Canberra','9','NNW','6','63','1018,1','1','15,8');
Insert into WEATHER_HOURLY (WEATHER_DATE,LOCATION_CODE,TIME,WIND_DIR,WIND_SPEED,HUMIDITY,PRESSURE,CLOUD,TEMPERATURE) values (to_date('14.12.2007','DD.MM.RRRR'),'Canberra','15','N','11','37','1012,5','2','25');
Insert into WEATHER_HOURLY (WEATHER_DATE,LOCATION_CODE,TIME,WIND_DIR,WIND_SPEED,HUMIDITY,PRESSURE,CLOUD,TEMPERATURE) values (to_date('15.12.2007','DD.MM.RRRR'),'Canberra','9','SE','2','63','1012,6','1','17,4');
Insert into WEATHER_HOURLY (WEATHER_DATE,LOCATION_CODE,TIME,WIND_DIR,WIND_SPEED,HUMIDITY,PRESSURE,CLOUD,TEMPERATURE) values (to_date('15.12.2007','DD.MM.RRRR'),'Canberra','15','WNW','13','36','1010,2','8','29,1');
Insert into WEATHER_HOURLY (WEATHER_DATE,LOCATION_CODE,TIME,WIND_DIR,WIND_SPEED,HUMIDITY,PRESSURE,CLOUD,TEMPERATURE) values (to_date('16.12.2007','DD.MM.RRRR'),'Canberra','9','SSE','6','93','1010,1','8','16,6');
Insert into WEATHER_HOURLY (WEATHER_DATE,LOCATION_CODE,TIME,WIND_DIR,WIND_SPEED,HUMIDITY,PRESSURE,CLOUD,TEMPERATURE) values (to_date('16.12.2007','DD.MM.RRRR'),'Canberra','15','NE','7','86','1008,6','8','20');
Insert into WEATHER_HOURLY (WEATHER_DATE,LOCATION_CODE,TIME,WIND_DIR,WIND_SPEED,HUMIDITY,PRESSURE,CLOUD,TEMPERATURE) values (to_date('17.12.2007','DD.MM.RRRR'),'Canberra','9','SSE','13','59','1017,6','1','15,3');
Insert into WEATHER_HOURLY (WEATHER_DATE,LOCATION_CODE,TIME,WIND_DIR,WIND_SPEED,HUMIDITY,PRESSURE,CLOUD,TEMPERATURE) values (to_date('17.12.2007','DD.MM.RRRR'),'Canberra','15','ESE','20','40','1016,8','4','20,8');
Insert into WEATHER_HOURLY (WEATHER_DATE,LOCATION_CODE,TIME,WIND_DIR,WIND_SPEED,HUMIDITY,PRESSURE,CLOUD,TEMPERATURE) values (to_date('18.12.2007','DD.MM.RRRR'),'Canberra','9','SE','13','61','1020,6','6','15,3');
Insert into WEATHER_HOURLY (WEATHER_DATE,LOCATION_CODE,TIME,WIND_DIR,WIND_SPEED,HUMIDITY,PRESSURE,CLOUD,TEMPERATURE) values (to_date('18.12.2007','DD.MM.RRRR'),'Canberra','15','E','20','43','1018,3','7','19,8');
Insert into WEATHER_HOURLY (WEATHER_DATE,LOCATION_CODE,TIME,WIND_DIR,WIND_SPEED,HUMIDITY,PRESSURE,CLOUD,TEMPERATURE) values (to_date('19.12.2007','DD.MM.RRRR'),'Canberra','9','NE','7','72','1018','8','16,1');
Insert into WEATHER_HOURLY (WEATHER_DATE,LOCATION_CODE,TIME,WIND_DIR,WIND_SPEED,HUMIDITY,PRESSURE,CLOUD,TEMPERATURE) values (to_date('19.12.2007','DD.MM.RRRR'),'Canberra','15','ENE','6','54','1015,6','8','20');
Insert into WEATHER_HOURLY (WEATHER_DATE,LOCATION_CODE,TIME,WIND_DIR,WIND_SPEED,HUMIDITY,PRESSURE,CLOUD,TEMPERATURE) values (to_date('20.12.2007','DD.MM.RRRR'),'Canberra','9','N','4','97','1015,8','8','15,3');
Insert into WEATHER_HOURLY (WEATHER_DATE,LOCATION_CODE,TIME,WIND_DIR,WIND_SPEED,HUMIDITY,PRESSURE,CLOUD,TEMPERATURE) values (to_date('20.12.2007','DD.MM.RRRR'),'Canberra','15','NW','13','74','1014,1','7','20,4');
Insert into WEATHER_HOURLY (WEATHER_DATE,LOCATION_CODE,TIME,WIND_DIR,WIND_SPEED,HUMIDITY,PRESSURE,CLOUD,TEMPERATURE) values (to_date('21.12.2007','DD.MM.RRRR'),'Canberra','9','NW','6','81','1012,9','2','21');
Insert into WEATHER_HOURLY (WEATHER_DATE,LOCATION_CODE,TIME,WIND_DIR,WIND_SPEED,HUMIDITY,PRESSURE,CLOUD,TEMPERATURE) values (to_date('21.12.2007','DD.MM.RRRR'),'Canberra','15','NW','22','48','1008,3','7','28,2');
Insert into WEATHER_HOURLY (WEATHER_DATE,LOCATION_CODE,TIME,WIND_DIR,WIND_SPEED,HUMIDITY,PRESSURE,CLOUD,TEMPERATURE) values (to_date('22.12.2007','DD.MM.RRRR'),'Canberra','9','N','41','92','996,5','8','20,6');
Insert into WEATHER_HOURLY (WEATHER_DATE,LOCATION_CODE,TIME,WIND_DIR,WIND_SPEED,HUMIDITY,PRESSURE,CLOUD,TEMPERATURE) values (to_date('22.12.2007','DD.MM.RRRR'),'Canberra','15','WNW','30','62','996,8','3','19,6');
Insert into WEATHER_HOURLY (WEATHER_DATE,LOCATION_CODE,TIME,WIND_DIR,WIND_SPEED,HUMIDITY,PRESSURE,CLOUD,TEMPERATURE) values (to_date('23.12.2007','DD.MM.RRRR'),'Canberra','9','N','9','59','1009,5','1','14,9');
Insert into WEATHER_HOURLY (WEATHER_DATE,LOCATION_CODE,TIME,WIND_DIR,WIND_SPEED,HUMIDITY,PRESSURE,CLOUD,TEMPERATURE) values (to_date('23.12.2007','DD.MM.RRRR'),'Canberra','15','N','20','49','1009,1','7','18,8');
Insert into WEATHER_HOURLY (WEATHER_DATE,LOCATION_CODE,TIME,WIND_DIR,WIND_SPEED,HUMIDITY,PRESSURE,CLOUD,TEMPERATURE) values (to_date('24.12.2007','DD.MM.RRRR'),'Canberra','9','NNW','7','69','1012,8','6','15');
Insert into WEATHER_HOURLY (WEATHER_DATE,LOCATION_CODE,TIME,WIND_DIR,WIND_SPEED,HUMIDITY,PRESSURE,CLOUD,TEMPERATURE) values (to_date('24.12.2007','DD.MM.RRRR'),'Canberra','15','WNW','13','43','1009,7','4','22,5');
Insert into WEATHER_HOURLY (WEATHER_DATE,LOCATION_CODE,TIME,WIND_DIR,WIND_SPEED,HUMIDITY,PRESSURE,CLOUD,TEMPERATURE) values (to_date('25.12.2007','DD.MM.RRRR'),'Canberra','9','SE','11','67','1020,4','8','12,4');
Insert into WEATHER_HOURLY (WEATHER_DATE,LOCATION_CODE,TIME,WIND_DIR,WIND_SPEED,HUMIDITY,PRESSURE,CLOUD,TEMPERATURE) values (to_date('25.12.2007','DD.MM.RRRR'),'Canberra','15','NE','11','52','1019,1','3','21');
Insert into WEATHER_HOURLY (WEATHER_DATE,LOCATION_CODE,TIME,WIND_DIR,WIND_SPEED,HUMIDITY,PRESSURE,CLOUD,TEMPERATURE) values (to_date('26.12.2007','DD.MM.RRRR'),'Canberra','9','W','6','63','1023,2','1','15,3');
Insert into WEATHER_HOURLY (WEATHER_DATE,LOCATION_CODE,TIME,WIND_DIR,WIND_SPEED,HUMIDITY,PRESSURE,CLOUD,TEMPERATURE) values (to_date('26.12.2007','DD.MM.RRRR'),'Canberra','15','NNW','19','35','1018','1','23,9');
Insert into WEATHER_HOURLY (WEATHER_DATE,LOCATION_CODE,TIME,WIND_DIR,WIND_SPEED,HUMIDITY,PRESSURE,CLOUD,TEMPERATURE) values (to_date('27.12.2007','DD.MM.RRRR'),'Canberra','9','N','7','68','1017,3','7','19,8');
Insert into WEATHER_HOURLY (WEATHER_DATE,LOCATION_CODE,TIME,WIND_DIR,WIND_SPEED,HUMIDITY,PRESSURE,CLOUD,TEMPERATURE) values (to_date('27.12.2007','DD.MM.RRRR'),'Canberra','15','NNW','48','64','1014,3','7','19');
Insert into WEATHER_HOURLY (WEATHER_DATE,LOCATION_CODE,TIME,WIND_DIR,WIND_SPEED,HUMIDITY,PRESSURE,CLOUD,TEMPERATURE) values (to_date('28.12.2007','DD.MM.RRRR'),'Canberra','9','NNW','6','73','1016,8','1','18,3');
Insert into WEATHER_HOURLY (WEATHER_DATE,LOCATION_CODE,TIME,WIND_DIR,WIND_SPEED,HUMIDITY,PRESSURE,CLOUD,TEMPERATURE) values (to_date('28.12.2007','DD.MM.RRRR'),'Canberra','15','NW','13','44','1013,4','5','27,4');
Insert into WEATHER_HOURLY (WEATHER_DATE,LOCATION_CODE,TIME,WIND_DIR,WIND_SPEED,HUMIDITY,PRESSURE,CLOUD,TEMPERATURE) values (to_date('29.12.2007','DD.MM.RRRR'),'Canberra','9','NW','6','65','1017,1','0','21,5');
Insert into WEATHER_HOURLY (WEATHER_DATE,LOCATION_CODE,TIME,WIND_DIR,WIND_SPEED,HUMIDITY,PRESSURE,CLOUD,TEMPERATURE) values (to_date('29.12.2007','DD.MM.RRRR'),'Canberra','15','N','7','30','1014,2','2','30,3');
Insert into WEATHER_HOURLY (WEATHER_DATE,LOCATION_CODE,TIME,WIND_DIR,WIND_SPEED,HUMIDITY,PRESSURE,CLOUD,TEMPERATURE) values (to_date('30.12.2007','DD.MM.RRRR'),'Canberra','9','SSW','6','55','1017,4','1','23,4');
Insert into WEATHER_HOURLY (WEATHER_DATE,LOCATION_CODE,TIME,WIND_DIR,WIND_SPEED,HUMIDITY,PRESSURE,CLOUD,TEMPERATURE) values (to_date('30.12.2007','DD.MM.RRRR'),'Canberra','15','ESE','22','18','1015','1','34,3');
Insert into WEATHER_HOURLY (WEATHER_DATE,LOCATION_CODE,TIME,WIND_DIR,WIND_SPEED,HUMIDITY,PRESSURE,CLOUD,TEMPERATURE) values (to_date('31.12.2007','DD.MM.RRRR'),'Canberra','9','SSE','7','44','1019,2','0','21,9');
Insert into WEATHER_HOURLY (WEATHER_DATE,LOCATION_CODE,TIME,WIND_DIR,WIND_SPEED,HUMIDITY,PRESSURE,CLOUD,TEMPERATURE) values (to_date('31.12.2007','DD.MM.RRRR'),'Canberra','15','NE','9','20','1015,6','1','32,2');
Commit;
